cedula ciudadania,9475409458,Alexia,Aston,5838765899,03 Shelley Pass
cedula ciudadania,1325187443,Lettie,Gergolet,5804762906,5074 Linden Lane
cedula ciudadania,9796239225,Thia,Jellyman,1365677982,015 Shelley Trail
cedula ciudadania,1570291487,Abbi,Dikles,6080143438,6 Kenwood Road
cedula ciudadania,6462799570,Bald,Ebbetts,7565708122,83019 Mcbride Way
cedula ciudadania,3834826349,Hamlin,Peasegood,5802572349,03763 Montana Park
cedula ciudadania,6220976257,Kathye,Chaundy,7314749309,7017 Clove Pass
cedula ciudadania,7156653689,Vanna,Froud,4767315356,9 Toban Point
cedula ciudadania,7630217706,Ferdinand,Tompkiss,6862838518,803 Warrior Avenue
cedula ciudadania,8311146574,Fancy,Creevy,7075888796,62716 5th Pass
cedula ciudadania,1481902144,Berke,Brideaux,9328458488,3 Magdeline Drive
cedula ciudadania,9644375410,Jackson,Coppeard,7126545081,30 Fairview Terrace
cedula ciudadania,1705021044,Jaine,Dana,8177321472,4280 Moulton Way
cedula ciudadania,3633806942,Onida,Lucock,4245461497,1 Carberry Pass
cedula ciudadania,4444484511,Carney,Carnegie,1612998965,96 School Hill
cedula ciudadania,6358367473,Salvatore,Capper,8178159711,799 Washington Center
cedula ciudadania,9134109834,Bartolemo,Flowerdew,6014351613,50131 5th Circle
cedula ciudadania,3291200830,Ardyth,Kimber,3289627193,626 Scoville Crossing
cedula ciudadania,5614662300,Brandie,Freire,4006842939,32787 Eagan Street
cedula ciudadania,2792730375,Gerek,Lambe,6277882643,890 Clyde Gallagher Place
cedula ciudadania,1665148228,Bordy,Tomalin,2813268566,2437 Clarendon Court
cedula ciudadania,8415598017,Jeniece,Messum,6851268979,4811 Del Mar Pass
cedula ciudadania,7558050097,Carmella,Borris,3381951873,3 Sutherland Parkway
cedula ciudadania,3169198841,Curran,Clink,3223612027,995 Alpine Pass
cedula ciudadania,6638888509,Robinia,Moncreiffe,6994262507,142 Hoffman Hill
cedula ciudadania,1016819800,Marietta,Waldram,5620930239,2 Ridgeway Trail
cedula ciudadania,1599316002,Christos,Fuente,8518915647,92 Farragut Park
cedula ciudadania,7530843050,Ronica,Peacher,6421320467,8970 Linden Junction
cedula ciudadania,4978978059,Andria,Velti,6736266019,42 Laurel Junction
cedula ciudadania,2185919836,Angelita,Cana,7472342921,0 Vahlen Center
cedula ciudadania,6632614996,Bradford,Gowthrop,7777499682,59498 Susan Center
cedula ciudadania,3569276329,Juline,Busse,1194903869,95 Rowland Court
cedula ciudadania,2711343383,Florry,Bielfeld,5248672909,666 Thackeray Plaza
cedula ciudadania,7933100929,Linn,Sedcole,1357641143,950 Sutherland Parkway
cedula ciudadania,6065210379,Kelsy,Shorton,3500847497,37713 Weeping Birch Lane
cedula ciudadania,5943916448,Sibby,Reihm,1741212281,9567 Sugar Parkway
cedula ciudadania,6268210689,Boy,MacEllen,3588315246,3583 Surrey Drive
cedula ciudadania,2121293248,Conney,St Clair,3621690232,3 Londonderry Parkway
cedula ciudadania,9408350078,Lucine,Bithell,3211302927,856 Gina Alley
cedula ciudadania,5793679359,Em,Stoney,2810230012,247 Briar Crest Crossing
cedula ciudadania,5506203048,Vicky,McClymont,9377034109,22525 Bartelt Terrace
cedula ciudadania,6173533965,Sean,Siddell,7468656055,0 7th Plaza
cedula ciudadania,4023988763,Carole,Boddis,9270710801,353 Fieldstone Street
cedula ciudadania,9754036820,Genvieve,Foster-Smith,1841990379,42 Bobwhite Crossing
cedula ciudadania,2281255705,Amelita,Duchasteau,5222078404,5 Pawling Center
cedula ciudadania,6044270198,Mickey,Knobell,8921843172,71086 Cordelia Point
cedula ciudadania,4187261744,Nollie,Posen,5305707907,381 Luster Parkway
cedula ciudadania,6288957466,Juana,Mayger,9036199973,311 Bartelt Drive
cedula ciudadania,8318245363,Roseann,Andrusov,2136653177,263 Monterey Trail
cedula ciudadania,2072352122,Camille,Farley,5312590399,238 Dakota Avenue
cedula ciudadania,9754797430,Merrile,Blei,1176695012,9259 Grover Center
cedula ciudadania,7633043286,Marcie,Dunstan,6915820406,478 Sycamore Crossing
cedula ciudadania,7352720018,Bear,Harrower,5912949094,274 Melody Hill
cedula ciudadania,7465116912,Liuka,Snelling,3247038192,74 Pankratz Trail
cedula ciudadania,7961555134,Sinclare,Scrine,4473400884,33 Algoma Terrace
cedula ciudadania,2795273517,Bria,Colliford,4852842954,43343 Dixon Crossing
cedula ciudadania,3101977698,Lissa,Castellone,7634645585,13865 Pine View Road
cedula ciudadania,6674146525,Maddie,Chatten,3612215227,7 Mosinee Parkway
cedula ciudadania,4371030173,Muriel,Ledram,9177870477,732 Reindahl Crossing
cedula ciudadania,1999471577,Abby,Josovitz,7425090095,545 Myrtle Circle
cedula ciudadania,7990532131,Hamil,Symers,4169212043,0552 Ryan Terrace
cedula ciudadania,8159425537,Eadith,Wimlet,9337179745,15562 Maywood Court
cedula ciudadania,3043945058,Vita,Goldson,3136928667,175 Raven Circle
cedula ciudadania,6352537547,Saunders,Uccelli,5627444187,7 Springview Pass
cedula ciudadania,8659830851,Moyna,Edmed,8728770303,3568 Golf View Alley
cedula ciudadania,3084920112,Gussy,Turone,4272544622,5 Dovetail Terrace
cedula ciudadania,7977911922,Delores,Dalmon,8866659670,9868 Ruskin Road
cedula ciudadania,8308558282,Mireille,Choake,2663646059,5242 La Follette Plaza
cedula ciudadania,9750558719,Cleon,Bugler,3032533568,0804 Kropf Crossing
cedula ciudadania,4435723213,Philippa,Davsley,7312212863,386 Corben Center
cedula ciudadania,5597807491,Beatrisa,Whichelow,9012626356,782 Independence Plaza
cedula ciudadania,3061598573,Tony,Beevors,9201590292,12725 Kennedy Junction
cedula ciudadania,7954818586,Christyna,Fante,9395717832,3 Artisan Road
cedula ciudadania,3988231027,Paxton,Rosenfeld,6805509720,90215 Lukken Street
cedula ciudadania,3698818418,Freda,Rayner,1859303811,61247 Chinook Parkway
cedula ciudadania,1177562468,Dane,Fleischmann,2352075310,456 Burrows Street
cedula ciudadania,2118595899,Deana,Norgan,1347921180,05 Sauthoff Alley
cedula ciudadania,4935477297,Inger,Chadwyck,4528031099,2 Duke Lane
cedula ciudadania,8351652390,Alyson,Whalebelly,4444865850,8 Scofield Park
cedula ciudadania,6799897514,Margaux,Seabright,9099919129,1 Carioca Circle
cedula ciudadania,3383358779,Melinde,Firebrace,2811385436,8 Talmadge Place
cedula ciudadania,3177961619,Ezri,Varga,6685247370,36654 Nobel Pass
cedula ciudadania,7986597624,Florencia,Huxtable,5133113479,59038 Grasskamp Point
cedula ciudadania,4495644560,Ted,Softley,1621663506,3 Sherman Park
cedula ciudadania,8110086670,Stanislaus,Hendrikse,9429719381,93 Luster Point
cedula ciudadania,3484201183,Donnie,Howselee,7895746414,5 Bowman Trail
cedula ciudadania,5835813445,Nat,Butcher,7994676556,534 Center Center
cedula ciudadania,5315418584,Neils,Orpen,3304322946,5 Prairieview Court
cedula ciudadania,5672796762,Trumann,Jiras,5032233350,9 Hoard Point
cedula ciudadania,6535518413,Corabel,Lovett,3755569972,128 Glacier Hill Court
cedula ciudadania,4573916883,Ralph,Sindall,6828545619,532 Cody Court
cedula ciudadania,9091217026,Tann,Engley,8966427685,0 Helena Parkway
cedula ciudadania,4964165896,Brannon,Sharratt,8346255617,65031 Tomscot Hill
cedula ciudadania,2162735664,Xymenes,Davidoff,9274023282,28 Waubesa Alley
cedula ciudadania,4389499931,Kimball,Kittoe,5674615521,41695 Fordem Alley
cedula ciudadania,5634234204,Salomi,Bettlestone,1627090258,6 Meadow Valley Court
cedula ciudadania,2106409894,Merill,Joplin,6355692028,1 Bluejay Junction
cedula ciudadania,3026948354,Chas,Belham,8670846973,23 Carioca Plaza
cedula ciudadania,6887879546,Othelia,Kaveney,4393018116,06 Derek Court
cedula ciudadania,3557653337,Rafa,Mattingson,4397923738,3 Maryland Hill
cedula ciudadania,4653975473,Trixi,Prinett,7714812114,5790 Washington Junction
cedula ciudadania,2993700022,Gherardo,Yersin,6704784539,2154 Pawling Drive
cedula ciudadania,7898278115,Madge,Tomaschke,2981284709,1567 Acker Trail
cedula ciudadania,1970086360,Peggie,Mellmer,7037348626,687 Warbler Junction
cedula ciudadania,5925358613,Edee,Argont,2641054871,0964 Fallview Alley
cedula ciudadania,2364522586,Lancelot,Horsewood,4567539750,5 Shelley Avenue
cedula ciudadania,6840203692,Cornela,Gyer,5995124662,6016 Fordem Trail
cedula ciudadania,9163282597,Gabbie,Iacovides,2603039316,098 Hoard Center
cedula ciudadania,6199136965,Forrest,Giorgiutti,2228519710,6197 Debs Avenue
cedula ciudadania,4711050516,Dniren,Crossingham,6090287625,94 David Park
cedula ciudadania,2935078995,Ralf,Learmonth,8268343686,0678 Dorton Court
cedula ciudadania,8009980612,Sella,Michelle,4007179407,98 Helena Pass
cedula ciudadania,7999599182,Sonnie,Tedorenko,9689819520,60241 Independence Pass
cedula ciudadania,7838289315,Jaimie,Sumpner,1533225325,1389 Londonderry Terrace
cedula ciudadania,1106465241,Mufi,Haycroft,7595123163,89 Thackeray Court
cedula ciudadania,6898277907,Benedicta,Houndson,5932740016,80679 Oak Valley Park
cedula ciudadania,3444425793,Wylie,Rillett,2351772141,78 Badeau Street
cedula ciudadania,7746703464,Wylma,Chatel,6865452072,16179 Corscot Pass
cedula ciudadania,8468363825,Spense,Baack,8650474714,07 Arkansas Hill
cedula ciudadania,6449536015,Delia,But,3379171813,02 Clemons Center
cedula ciudadania,7480528861,Lonnie,Conrard,9650519128,74 Colorado Parkway
cedula ciudadania,2793523932,Brade,Bryns,4432517275,9 Donald Circle
cedula ciudadania,1709089138,Giffer,Abrahmer,7384528039,90651 Bartillon Park
cedula ciudadania,9025612323,Nona,Janecki,4311882402,6078 Ludington Trail
cedula ciudadania,7942816943,Emery,Gayne,1466979502,22544 Sunbrook Road
cedula ciudadania,9052302327,Clement,Haw,4601548531,6 4th Crossing
cedula ciudadania,4048825188,Miner,Toal,2566960375,61282 Oriole Circle
cedula ciudadania,1189753898,Georas,Sheilds,1896715442,1796 Oakridge Place
cedula ciudadania,2850830389,Helyn,Sparway,2465664574,376 Claremont Park
cedula ciudadania,9674897898,Esme,Commucci,5548166295,503 Forest Dale Avenue
cedula ciudadania,3258708626,Galina,Stoneham,1692487110,329 Magdeline Lane
cedula ciudadania,4051525746,Helli,Pearlman,8162812435,1245 Killdeer Alley
cedula ciudadania,6819846464,Dulcine,Toma,1168406340,2096 Kim Hill
cedula ciudadania,4764315347,Dinny,Sally,2706106889,88 Mcbride Way
cedula ciudadania,2240034916,Linn,Goranov,1194443042,39 Fairview Court
cedula ciudadania,6437542615,Bevvy,Packham,2472730803,528 Bunting Parkway
cedula ciudadania,2886551115,Sharl,Larvin,5514325677,160 Lunder Park
cedula ciudadania,8479527858,Inigo,Jiroutka,1635956193,1 Shopko Pass
cedula ciudadania,4880436950,Viole,Kalb,7359624928,36 Commercial Terrace
cedula ciudadania,5997549572,Matteo,Pantry,5743395803,92 Dennis Way
cedula ciudadania,7012532066,Stace,Boothroyd,8267354659,3 Milwaukee Trail
cedula ciudadania,6601481157,Clarey,Legister,7424875197,274 Karstens Way
cedula ciudadania,5587611353,Linette,Boyson,1908918099,6389 Forest Street
cedula ciudadania,9100044313,Philippine,Gligori,5236463565,140 Morning Terrace
cedula ciudadania,7207303359,Brigg,Compton,1848099964,7230 Delladonna Road
cedula ciudadania,5080153721,Alikee,Russe,4598702288,6233 Thompson Way
cedula ciudadania,6985656233,Talya,Dalliwatr,8186931451,9 Bonner Drive
cedula ciudadania,9856821408,Frank,Jebb,8911426255,054 Shasta Court
cedula ciudadania,4611879196,Vidovic,Bothams,7912241000,53 Badeau Lane
cedula ciudadania,4821223547,Vincents,Shafe,1400622954,49 Buhler Street
cedula ciudadania,6926917576,Constantin,Krystof,8782751483,56552 New Castle Parkway
cedula ciudadania,8201972598,Hurlee,Tyhurst,5706451540,7 Memorial Crossing
cedula ciudadania,9684490617,Rosella,Alty,2157617074,88534 Kingsford Place
cedula ciudadania,4086783627,Vicky,Krout,9165121379,81 West Alley
cedula ciudadania,3631329517,Rutter,Raggles,7581695736,69 Burrows Point
cedula ciudadania,2164692796,Brody,Learmonth,7557253829,92 Holy Cross Hill
cedula ciudadania,8366154005,Loree,Cubin,1442505101,1814 Surrey Court
cedula ciudadania,7032568458,Jefferson,Hendrikse,1831090132,40079 Montana Center
cedula ciudadania,9688571736,Betsy,Comizzoli,9469661092,061 Bartelt Road
cedula ciudadania,2560975383,Mella,Pead,3394134212,4990 Thierer Junction
cedula ciudadania,8795436743,Feliks,Stegell,6393163599,92193 Jackson Crossing
cedula ciudadania,1015369229,Bryce,Buckle,7341571688,329 Sachtjen Way
cedula ciudadania,1475553475,Ronda,Cristoferi,4176586364,105 Sugar Hill
cedula ciudadania,4713637646,Jennee,Huyghe,7651382737,1952 7th Place
cedula ciudadania,7230316679,Korry,MacRitchie,7657756973,16793 Rusk Avenue
cedula ciudadania,7354875180,Sharon,Dood,1946704225,46 Dixon Place
cedula ciudadania,5897633540,Yoshiko,Scothern,3031339723,04740 Carioca Alley
cedula ciudadania,8631732336,Christabella,Winslow,8162673180,3205 Petterle Pass
cedula ciudadania,1155984581,Demeter,Lorence,8411184331,2 Bayside Lane
cedula ciudadania,8808715068,Coop,Steels,4980039848,5735 Hanson Trail
cedula ciudadania,6097844416,Joyann,Swafield,6916054988,09 Hallows Hill
cedula ciudadania,8436716413,Leonid,Bignal,5382087417,6107 Oak Point
cedula ciudadania,6823239892,Munmro,Bewshire,1664316018,236 Cherokee Junction
cedula ciudadania,3013781538,Dall,Ferrero,1910377422,0691 Marquette Alley
cedula ciudadania,6868046152,Frank,Gutridge,4094201047,08091 Novick Circle
cedula ciudadania,7747421335,Delmer,Robins,9029289541,7 Gale Avenue
cedula ciudadania,5568908917,Letti,Pairpoint,3555293934,7637 Oxford Place
cedula ciudadania,7454508416,Tressa,Peirson,4984676549,94 Hallows Junction
cedula ciudadania,3995934240,Gavrielle,Cummine,5545858044,02357 Tomscot Crossing
cedula ciudadania,8657307050,Kristel,Spurrior,8670411550,3628 Kim Lane
cedula ciudadania,4948353376,Fritz,Covil,4975664969,69786 Fulton Road
cedula ciudadania,3328229986,Jarrid,Awty,8745461727,24182 Vidon Street
cedula ciudadania,4017289851,Doreen,Labitt,5812506173,53443 Spohn Crossing
cedula ciudadania,9141042847,Juli,Johnke,5050187959,66105 Hagan Terrace
cedula ciudadania,6888518770,Ax,Robilart,2954495702,18 Helena Court
cedula ciudadania,9451846236,Ellynn,Sayburn,1479371446,228 Hoard Junction
cedula ciudadania,3098733678,Gan,Drake,9796774057,19 Corben Lane
cedula ciudadania,2527885602,Noel,Tocque,8852312175,628 Warner Place
cedula ciudadania,1440642746,Tripp,Shakeshaft,1874443091,73543 Superior Park
cedula ciudadania,1566155689,Alvis,Miskelly,3240747106,093 Dorton Park
cedula ciudadania,3938640327,Eugen,Gibling,9626658273,9330 Pennsylvania Trail
cedula ciudadania,8620282756,Darcy,Yakolev,4265460495,4 Fieldstone Street
cedula ciudadania,7937771107,Tammi,Lavallie,1069956937,8393 Pond Plaza
cedula ciudadania,9463188012,Artair,Merrell,9782883383,266 Village Way
cedula ciudadania,4395591976,Tirrell,Grover,1585499748,2892 Nova Parkway
cedula ciudadania,1835877792,Tabby,Fernandes,4053006470,95 Portage Park
cedula ciudadania,2146974686,Elissa,Coupe,6275011747,267 Fuller Junction
cedula ciudadania,9878428842,Mic,Ellaway,8071054674,1 Rutledge Place
cedula ciudadania,8335480940,Andrea,Dillimore,2484581274,94 2nd Lane
cedula ciudadania,1515598876,Ginevra,McCurlye,5085620657,1890 Drewry Junction
cedula ciudadania,6751224317,Eachelle,Ford,1140849590,208 Bay Road
cedula ciudadania,9941815867,Ber,Tolmie,8465282555,41 Center Drive
cedula ciudadania,4230163634,Ileane,Hobbing,7627218328,4214 Merchant Court
cedula ciudadania,2626920993,Myrle,Donizeau,8050637405,397 Hazelcrest Drive
cedula ciudadania,3308035969,Garrik,Schonfelder,5587136631,7159 Old Shore Place
cedula ciudadania,5862599482,Myrtle,Lensch,3455698915,13638 Harper Pass
cedula ciudadania,3327544296,Carleen,Batrip,9423110221,76 Lunder Hill
cedula ciudadania,8261256408,Shell,Kaaskooper,9315531182,5580 Logan Road
cedula ciudadania,7442521731,Lewie,Bodiam,9438961850,0200 Sheridan Alley
cedula ciudadania,5807685681,Natalina,Janisson,3748121736,7 Village Green Crossing
cedula ciudadania,4741712082,Tawnya,Duesbury,7194970005,957 West Court
cedula ciudadania,6269707485,Tanya,Wingham,3947312956,85 Paget Pass
cedula ciudadania,4390363100,Lenette,Mocher,5464352327,5 Crowley Pass
cedula ciudadania,6220278881,Carrol,Cherrie,3882073105,273 Raven Center
cedula ciudadania,5768163898,Rafaello,Hunnicutt,2602644863,26 West Drive
cedula ciudadania,3365940795,Silvia,Balhatchet,8675291857,100 Ruskin Terrace
cedula ciudadania,7337887091,Perkin,Husk,7219781896,120 Brickson Park Crossing
cedula ciudadania,6593458625,Jade,Coller,3934377535,32 Menomonie Pass
cedula ciudadania,1635098452,Calla,Derobert,7379333234,34 Veith Crossing
cedula ciudadania,6010843722,Susette,Greenlees,6863352026,98922 Hooker Court
cedula ciudadania,3739189447,Cordey,Million,5854326413,1294 Basil Way
cedula ciudadania,4129150252,Curtice,Dionsetti,6743275204,0 Rieder Terrace
cedula ciudadania,9921068792,Kelly,Pallatina,9457786755,35 Walton Circle
cedula ciudadania,8972679938,Derrik,Revie,3609170965,76 Mallard Way
cedula ciudadania,1182561352,Donielle,Cronchey,2512030727,79132 Namekagon Alley
cedula ciudadania,3645627499,Marcia,Coan,5232066129,39 Roth Street
cedula ciudadania,7033036435,Leif,Kloser,7765514289,56553 Maple Center
cedula ciudadania,9643547818,Jocko,Antrack,8941691019,85201 Hayes Trail
cedula ciudadania,3652825296,Marnia,Kinzett,2109324322,72248 Waxwing Place
cedula ciudadania,2606273984,Sandi,Mordue,7245461881,9906 Forster Trail
cedula ciudadania,5975788532,Renard,Raisbeck,8353377555,5 Comanche Center
cedula ciudadania,9380615304,Valerie,Dumbleton,3232333607,356 Burrows Place
cedula ciudadania,5806796135,Florian,Newrick,1381115556,6 Westridge Street
cedula ciudadania,4548410301,Clarine,Viccary,4735241235,98 Florence Plaza
cedula ciudadania,8167936332,Tobiah,Gleader,3831420692,1 Pepper Wood Road
cedula ciudadania,1250184751,Amory,Blemings,6910222953,288 Lindbergh Drive
cedula ciudadania,3745551367,Elisha,Calverd,3063148765,9604 Moulton Alley
cedula ciudadania,7837526911,Catlin,Dmtrovic,6402633828,1090 Kedzie Crossing
cedula ciudadania,6139351373,Denyse,Kirsche,4012568247,6 Dixon Park
cedula ciudadania,7146259303,Collen,Meharg,3951987720,7185 Hovde Trail
cedula ciudadania,6106759805,Rorie,Crosetto,4731393042,6790 Crownhardt Trail
cedula ciudadania,2115702651,Cecile,Porrett,1824926330,0 Forest Dale Court
cedula ciudadania,8161599950,Sanders,Bligh,2449748134,41485 Melby Street
cedula ciudadania,2922559275,Ignace,Buckley,7384066108,6981 Grasskamp Trail
cedula ciudadania,5745613971,Felecia,Brussell,7628815309,12470 Golf View Point
cedula ciudadania,2330839022,Lefty,Hostan,8731788580,0 Mallory Circle
cedula ciudadania,5931406301,Fredric,Woodstock,8802629326,251 Dorton Avenue
cedula ciudadania,5462517546,Ker,Colman,4011517997,55589 Sloan Park
cedula ciudadania,3443533278,Weylin,Elles,8232535532,7246 Coolidge Park
cedula ciudadania,5590091709,Tally,Van Bruggen,5671801677,359 Judy Junction
cedula ciudadania,6939602237,Adam,Renison,8098460999,202 Hazelcrest Trail
cedula ciudadania,5177161901,Analiese,Assel,4282908057,7 Vera Park
cedula ciudadania,1002154701,Tiler,Olifaunt,8894416800,85355 Lukken Plaza
cedula ciudadania,2518038338,Gaby,Abramovicz,5780500213,499 Golden Leaf Terrace
cedula ciudadania,4055977110,Elvin,Bownes,4199441863,88 Southridge Park
cedula ciudadania,2659620819,Burch,Lanahan,8817970985,10 Rigney Trail
cedula ciudadania,8549355193,Janine,Medcalf,1353813006,651 Pierstorff Plaza
cedula ciudadania,3874275959,Mabel,Sabban,7854974248,70179 Lakewood Park
cedula ciudadania,3862158833,Lawrence,Scripps,8751798085,76670 Atwood Parkway
cedula ciudadania,9100598869,Maisie,Graundisson,4820276598,1 Steensland Center
cedula ciudadania,9866671122,Reeba,Shah,2186769250,52 Weeping Birch Court
cedula ciudadania,8558813000,Torey,Lalonde,3420609922,71915 Waubesa Junction
cedula ciudadania,2662103534,Alfi,Comizzoli,2439798788,41 Dorton Crossing
cedula ciudadania,6350144531,Lorie,Pim,5675729129,4 Hovde Parkway
cedula ciudadania,7683054590,Corbett,Forcer,4253339866,8 Bunting Drive
cedula ciudadania,4150478858,Markos,Alans,6329937173,5005 Norway Maple Pass
cedula ciudadania,5186834648,Wash,Lucia,7272470356,87551 Farragut Center
cedula ciudadania,7321587805,Tam,Ormshaw,8740633904,22453 Glacier Hill Terrace
cedula ciudadania,8005587614,Fonzie,Spurden,3591801010,7 Forster Junction
cedula ciudadania,2993237851,Clarke,Croft,8939026327,17037 Marcy Crossing
cedula ciudadania,1044716850,Erminie,Rosedale,2657573670,3 South Way
cedula ciudadania,5701355917,Tiff,Zamora,1541509840,2 Namekagon Trail
cedula ciudadania,8372679971,Errick,Hartford,4685817477,643 Upham Pass
cedula ciudadania,5813257309,Velma,Padula,4181939263,4 Shoshone Hill
cedula ciudadania,9885285539,Liv,Quesne,6476440359,48024 Towne Pass
cedula ciudadania,1119142748,Ikey,Sheraton,8822001027,61218 Eagle Crest Hill
cedula ciudadania,2311100638,Pet,Looker,2830292357,4802 Corscot Center
cedula ciudadania,8783643145,Eberhard,Luff,9841385598,81 Prairieview Trail
cedula ciudadania,2105102578,Margot,Jacobowitz,4022057046,75 Northport Court
cedula ciudadania,3155396163,Blanca,Mantione,6189734625,4737 Dorton Road
cedula ciudadania,6562839515,Bidget,Ridgeway,8607217485,7 Cody Lane
cedula ciudadania,4380961278,Theresina,Rapin,3733725547,52252 Esker Circle
cedula ciudadania,8788450622,Cosmo,Iffland,2253356383,353 Almo Lane
cedula ciudadania,3914833248,Shel,Proven,8959382300,914 Scott Pass
cedula ciudadania,7949359951,Marin,Chagg,1884635021,0465 Pankratz Terrace
cedula ciudadania,6858992985,Tannie,Dibben,2260341417,62 Buena Vista Road
cedula ciudadania,9153129177,Carina,Slateford,2979139242,9784 Grover Drive
cedula ciudadania,4529405622,Pennie,Anton,3845041437,1338 Hazelcrest Circle
cedula ciudadania,7866020525,Reid,Denley,7826106992,54769 Eagle Crest Way
cedula ciudadania,3466985651,Sandi,Rastrick,2404419734,164 Kings Court
cedula ciudadania,2386606780,Malva,Baudou,3319119848,1428 Monterey Park
cedula ciudadania,2333719006,Winne,Free,2607919154,6232 Fordem Circle
cedula ciudadania,8629924339,Danna,Snyder,6573729274,66 Vermont Pass
cedula ciudadania,2499180717,Alissa,Hovert,1424547565,51022 Northview Alley
cedula ciudadania,9775746161,Iorgo,Kefford,8604209558,50 Graceland Point
cedula ciudadania,4957802301,Amalie,Linne,3538255266,63649 Banding Park
cedula ciudadania,7418914020,Howey,Billin,8386329435,4661 Warrior Parkway
cedula ciudadania,8945925314,Nanni,Haulkham,6047462290,32242 Morningstar Crossing
cedula ciudadania,6273517662,Carlin,Whitfeld,8680449355,6 Debra Terrace
cedula ciudadania,1916317765,Les,Gainseford,2501247932,3 Sunnyside Alley
cedula ciudadania,8856927371,Feliza,Vowdon,3424591754,52 Lukken Court
cedula ciudadania,1517191982,Eveleen,Storres,1738582098,2759 Eastlawn Crossing
cedula ciudadania,3744836497,Emilio,Adrian,6761538535,46 Anderson Avenue
cedula ciudadania,8562246870,Fairleigh,Pray,3099230122,9542 Lunder Drive
cedula ciudadania,2184939252,Carlyle,Matthewman,2742871888,16752 Kipling Junction
cedula ciudadania,4271812984,Henrietta,McVeagh,9719348056,4 Barnett Court
cedula ciudadania,1063526113,Stanislaus,Spaldin,6757391998,2610 Bartillon Lane
cedula ciudadania,7387700436,Frannie,Straffon,3092916157,64100 Village Lane
cedula ciudadania,3584410943,Terri-jo,Blacksland,3035210854,0928 Johnson Parkway
cedula ciudadania,7909689914,Karel,Caskey,5251499057,1274 Sage Park
cedula ciudadania,8052934995,Madelina,Conningham,4469219906,19 Oriole Center
cedula ciudadania,3705203194,Cirstoforo,Schulze,5321029355,464 Surrey Place
cedula ciudadania,1152281258,Dede,Bontoft,6022152249,791 Dovetail Junction
cedula ciudadania,5817342749,Tildie,Blackwood,5539706085,5 Crownhardt Crossing
cedula ciudadania,3213124409,Gaylord,Creswell,8901662229,561 Sunbrook Crossing
cedula ciudadania,3923201568,Roselin,Fedoronko,7512324340,8 Dottie Point
cedula ciudadania,3266966831,Nelia,Erwin,1630196978,60767 Mitchell Drive
cedula ciudadania,9193312892,Clair,Westby,3651940797,685 6th Plaza
cedula ciudadania,2468634553,Aksel,Kidsley,5571231906,70 Reindahl Terrace
cedula ciudadania,6661698606,Wayland,Daughton,8395088034,171 Schiller Crossing
cedula ciudadania,6763053708,Earle,Althrope,9399402870,568 Maple Way
cedula ciudadania,4787207668,Mylo,Scotter,7794713771,87497 Jenna Street
cedula ciudadania,5811837834,Antonino,Mulliner,1731381684,2 Mockingbird Point
cedula ciudadania,9395066979,Bunnie,Cicconetti,6528220691,2472 Ludington Drive
cedula ciudadania,5037227146,Wilbur,Perham,2311846446,0078 Russell Crossing
cedula ciudadania,2789243454,Kathleen,Gyver,2802180765,8 Sutherland Place
cedula ciudadania,3376284250,Ingra,Saunderson,6898562014,14 Ilene Parkway
cedula ciudadania,4945370448,Katrina,Evenett,8781420776,38 Melby Terrace
cedula ciudadania,2420245881,Nahum,Wallice,1651129894,676 Sachtjen Center
cedula ciudadania,1209888727,Bobina,Hek,6651987021,05977 Nevada Junction
cedula ciudadania,4755872647,Filip,Papachristophorou,5280862922,2 Ohio Drive
cedula ciudadania,6195735631,Dorice,Shayes,5893295567,020 Oakridge Park
cedula ciudadania,8868131778,Lonni,Bushby,1192015527,66558 Ridgeway Place
cedula ciudadania,6302103504,Gay,Birtwell,4632636197,543 Mandrake Terrace
cedula ciudadania,3320729561,Sibelle,Lighterness,9794756340,68460 2nd Terrace
cedula ciudadania,9079427270,Olympe,Starking,6572639998,7 Reinke Court
cedula ciudadania,3498356055,Lemmie,Ayre,4490358801,1638 Annamark Junction
cedula ciudadania,4602463409,Etta,Cawthra,1793672757,370 Basil Court
cedula ciudadania,7813656478,Arnie,Vanichev,5022180910,31438 Kinsman Street
cedula ciudadania,6961731481,Nollie,Ord,6162328635,6 Mallory Crossing
cedula ciudadania,2011982380,Nedda,McGookin,4649489200,744 Arkansas Plaza
cedula ciudadania,1049570767,Johnny,Station,5798047861,6837 Cottonwood Circle
cedula ciudadania,8578957357,Adriena,McCreery,9257488378,53420 Farmco Junction
cedula ciudadania,1721982369,Ursula,Dobrovolski,1460232800,71911 Montana Junction
cedula ciudadania,7343506614,Angeli,Moncreiff,9583768852,196 Dovetail Avenue
cedula ciudadania,8641751575,Hendrika,Garlic,4710337972,6951 Steensland Trail
cedula ciudadania,1004264971,Cornell,Tittletross,4466363518,885 Havey Hill
cedula ciudadania,2303211775,Ferrel,Whitfeld,6795535494,24 Farwell Plaza
cedula ciudadania,6215328367,Francine,Britnell,1035838776,3533 Fulton Crossing
cedula ciudadania,2700562088,Obediah,Fridlington,9219100392,710 Columbus Place
cedula ciudadania,6142642100,Joye,Frigot,1353535330,50 Sugar Alley
cedula ciudadania,3057014888,Jeffie,Coope,2409820261,08382 Sundown Avenue
cedula ciudadania,5059654527,Meridith,O'Noulane,8619452811,03479 Northport Terrace
cedula ciudadania,9073425695,Brant,Ducaen,5398758265,0585 Saint Paul Court
cedula ciudadania,2598736635,Lorena,Landsberg,1087303401,88 Johnson Terrace
cedula ciudadania,9397508859,Ava,Franceschi,4079861825,7616 Spohn Parkway
cedula ciudadania,3728462447,Mia,Elwyn,9590230795,9352 Pennsylvania Lane
cedula ciudadania,5524433431,Gaven,Lemmanbie,1753207650,8 Basil Court
cedula ciudadania,2917048974,Berta,Cowmeadow,4042990410,991 Alpine Court
cedula ciudadania,7694119446,Tait,Cribbott,4535780199,63 Sundown Plaza
cedula ciudadania,5616295888,Nicol,Plumb,9630178062,9 Summit Court
cedula ciudadania,9662680947,Mile,Romei,5809760947,0105 Fallview Alley
cedula ciudadania,6689014836,Ardyth,Tejada,4258713541,3972 Burning Wood Street
cedula ciudadania,5169848696,Brandyn,Luthwood,9524042405,3663 Welch Plaza
cedula ciudadania,8781104293,Gertrud,Kubicki,6103804315,81 Brickson Park Road
cedula ciudadania,9062610989,Felix,Fforde,7858716226,8593 Victoria Way
cedula ciudadania,5089032171,Lucias,Bierman,1577128934,78473 Arapahoe Trail
cedula ciudadania,7183256295,Cora,Simmig,7556646336,43 Sheridan Lane
cedula ciudadania,3231137328,Reeta,Bulleyn,5375414728,444 Warner Point
cedula ciudadania,6063532707,Chalmers,Fireman,8409831948,237 Northport Avenue
cedula ciudadania,5577062151,Mahalia,Cordner,5710571646,9 Parkside Alley
cedula ciudadania,1226273155,Thomasina,Fennelly,2832749580,258 Crowley Place
cedula ciudadania,7144197329,Phaedra,Linebarger,2397658189,57512 Pierstorff Terrace
cedula ciudadania,1816865811,Lexie,O'Henecan,3981842541,05 Amoth Circle
cedula ciudadania,7846819976,Allayne,Sisson,2574016484,60 Little Fleur Park
cedula ciudadania,4771023625,Rudy,Narramor,2188590034,7 Mifflin Hill
cedula ciudadania,6502526674,Gavra,Goodier,4379160732,5183 Tony Drive
cedula ciudadania,8932219351,Daryle,Lenox,4607150721,9103 Merchant Lane
cedula ciudadania,1965567782,Daryn,Byrcher,3214791698,52 Melrose Pass
cedula ciudadania,8423082698,Stephanus,Anthes,6949894956,5117 Lindbergh Street
cedula ciudadania,3268995347,Efrem,Castagneri,4568365271,1 Arrowood Trail
cedula ciudadania,4416194150,Concordia,Labat,8353426692,303 Dottie Circle
cedula ciudadania,1195561683,Giacomo,Degoe,1025607907,32 Brown Hill
cedula ciudadania,1665960782,Seline,Lichfield,2308647289,37 Killdeer Park
cedula ciudadania,8065930028,Chip,Boerder,8726264183,0832 Atwood Street
cedula ciudadania,4862200601,Karel,Liddall,7728363768,24154 Summit Road
cedula ciudadania,1618667482,Leighton,Warwicker,4103968895,847 2nd Trail
cedula ciudadania,4124190181,Serene,Poleye,3221701565,9405 Sauthoff Terrace
cedula ciudadania,5193074507,Fannie,Penreth,1174234022,14200 Spaight Way
cedula ciudadania,2465468882,Giraud,Brunstan,6894997108,0 Jenifer Street
cedula ciudadania,7912306983,Haze,Gellier,2639491432,062 Rowland Avenue
cedula ciudadania,9686258919,Caz,Earpe,9742426417,61 Ridgeway Avenue
cedula ciudadania,2352088964,Sabra,Snawden,5142932044,369 Sage Crossing
cedula ciudadania,6114493136,Konstanze,McMillan,1512666509,3066 Moulton Road
cedula ciudadania,4439536875,Avictor,Dransfield,8250577643,5942 Little Fleur Hill
cedula ciudadania,8237458954,Nelle,Halbard,4245654068,5646 Forest Run Place
cedula ciudadania,1360830902,Ruperto,Preshaw,4910350649,46014 Shasta Junction
cedula ciudadania,6584291170,Hendrik,Coal,7144688092,13302 Mayer Terrace
cedula ciudadania,7244180947,Batholomew,Kingsman,3100209586,202 Northland Court
cedula ciudadania,6128189668,Jelene,Gothrup,6386814807,871 Waywood Street
cedula ciudadania,5731540433,Brady,Borth,4629480045,2329 Merry Terrace
cedula ciudadania,3583987344,Bax,Garaghan,2596562510,20971 Magdeline Court
cedula ciudadania,5188337228,Armand,Bysh,2855027273,4 Rigney Terrace
cedula ciudadania,4300267536,Darya,Pack,3788747597,08 Spenser Road
cedula ciudadania,1724787129,Dilan,Berryman,6931561605,327 Sherman Crossing
cedula ciudadania,1664345342,Roch,Brightling,8757918083,28542 Fairfield Place
cedula ciudadania,6523136209,Hinze,Durbyn,8653451085,11566 Prairie Rose Point
cedula ciudadania,5153146751,Rori,Count,2344330651,5742 Blue Bill Park Junction
cedula ciudadania,2203673130,Salli,Lovel,1418827224,1722 Sunnyside Lane
cedula ciudadania,3510477398,Carlos,Spillett,3952267104,2685 Morningstar Point
cedula ciudadania,2759275802,Elijah,Tommasetti,7823108168,6 Kipling Center
cedula ciudadania,2810386769,Ofelia,Kenneford,7857819632,0390 3rd Parkway
cedula ciudadania,7388059940,Ambrosi,Gittins,3660086278,24473 Buell Avenue
cedula ciudadania,1794363968,Christa,Gledhall,7006312401,528 Tennyson Street
cedula ciudadania,5175263912,Martita,Goldsberry,3313194041,2 Hagan Terrace
cedula ciudadania,1769312867,Thain,De la croix,2396019863,1566 Fairfield Point
cedula ciudadania,7471022763,Alexine,Stendell,7944492016,41713 Homewood Drive
cedula ciudadania,3909195017,Lou,Ellwand,4313816267,3912 Moland Court
cedula ciudadania,9851996206,Nina,Seebert,4901884442,551 Golden Leaf Place
cedula ciudadania,3822731482,Jonathan,Kaye,3053834178,6 Texas Lane
cedula ciudadania,6875382641,Hank,Erdely,3073651221,46 Susan Drive
cedula ciudadania,9245244281,Archie,Roloff,5757030521,64376 Holy Cross Junction
cedula ciudadania,1399682747,Talyah,Dods,5978436565,5 Sutherland Road
cedula ciudadania,4004013717,Kristi,Nagle,2490890191,975 Melody Crossing
cedula ciudadania,8161846794,Fredek,Doughton,6861846428,1 Huxley Terrace
cedula ciudadania,7082030050,Deane,Meaker,3739986609,05572 Butterfield Circle
cedula ciudadania,4635600239,Gabrila,Henrichsen,9727449267,55920 La Follette Point
cedula ciudadania,6127670835,Philippe,Trusdale,9324222118,2 Burning Wood Plaza
cedula ciudadania,8627328010,Lyda,Abramski,9797336813,97722 Heffernan Lane
cedula ciudadania,7376548701,Pierson,Kopps,2903499962,047 Fieldstone Terrace
cedula ciudadania,8839824723,Clevey,Trotter,5274685845,7661 Waubesa Crossing
cedula ciudadania,4718874379,Tadeas,Dewi,6748324334,4 Oak Valley Terrace
cedula ciudadania,8722075318,Aleda,Mayler,1863013311,6509 Rutledge Pass
cedula ciudadania,5193464476,Inglebert,Ayree,6677607614,3 Lotheville Crossing
cedula ciudadania,9509505077,Keane,Simek,4874501422,844 Mandrake Alley
cedula ciudadania,6508809554,Gray,Leving,4649861100,9759 Debra Road
cedula ciudadania,6921969412,Averil,Tejero,4230311870,034 Hoffman Place
cedula ciudadania,8721994630,Courtnay,Saylor,2804648105,87055 Lillian Park
cedula ciudadania,5085392125,Madella,Fessler,1207857477,99628 Donald Road
cedula ciudadania,7353273531,Trstram,Hinze,7201472965,9760 Delaware Plaza
cedula ciudadania,7105304338,Rubin,Dovidaitis,9864952451,31573 Coolidge Junction
cedula ciudadania,1815472169,Tyrone,Shickle,2421499396,7 Thackeray Junction
cedula ciudadania,8634966440,Katharine,Diggin,1289322708,3127 Memorial Trail
cedula ciudadania,1842748429,Zsazsa,Andries,5834780692,6 School Alley
cedula ciudadania,2176132316,Berry,Shovel,1537979786,56 Maywood Center
cedula ciudadania,3283875225,Felicity,Harbour,5238996495,54881 Brickson Park Terrace
cedula ciudadania,8782852619,Lorri,Cody,8955438344,21 Scofield Way
cedula ciudadania,4778900248,Roger,Bourke,2429461653,1 Evergreen Parkway
cedula ciudadania,2396498797,Salvidor,Kimbrough,7972604930,6829 Packers Junction
cedula ciudadania,6281642588,Randi,Tamburi,2033452801,758 Clyde Gallagher Way
cedula ciudadania,6061994342,Felicia,Polding,8453115991,36035 Dakota Court
cedula ciudadania,6434660287,Sunny,Badsworth,8974111280,062 Springview Circle
cedula ciudadania,7253872931,Burg,Hierro,8130772048,50 John Wall Street
cedula ciudadania,4613253054,Chaddie,Eixenberger,1791197484,8 7th Place
cedula ciudadania,5229557880,Cymbre,Ford,8712826514,8387 Arapahoe Terrace
cedula ciudadania,5677646517,Kirbee,Husbands,9187768305,2627 Sullivan Point
cedula ciudadania,5158851155,Joana,Doman,1637539048,648 Fremont Avenue
cedula ciudadania,1455609535,Jasmina,Milmith,3033152129,9 Almo Center
cedula ciudadania,7240131980,Tom,Milmith,6615043094,14 Homewood Junction
cedula ciudadania,6110963612,Luce,Tatam,4851648974,7491 Judy Crossing
cedula ciudadania,5038538874,Georgina,Mulvany,6409945904,50047 Hallows Point
cedula ciudadania,6534829454,Izzy,Burstow,9089503382,33318 Riverside Trail
cedula ciudadania,9120850460,Nissie,Phettiplace,5458371925,0 Del Sol Pass
cedula ciudadania,2961441923,Kennedy,Willeson,9903644817,143 Scoville Street
cedula ciudadania,7827881470,Janeva,Noades,7235962020,9200 Goodland Junction
cedula ciudadania,7136119008,Mick,Preece,5922983228,3 Blaine Plaza
cedula ciudadania,6803025932,Ora,Swarbrick,9229017331,3483 Waywood Terrace
cedula ciudadania,8873059405,Amy,Harrigan,3674777643,04 Grayhawk Hill
cedula ciudadania,8818535375,Vincent,Bonnor,9322969709,8100 Express Crossing
cedula ciudadania,8647740150,Davon,Amberger,5888113974,811 Crest Line Court
cedula ciudadania,1373249254,Bree,Tyt,1478222877,07 Blaine Point
cedula ciudadania,6191269824,Corena,Hathwood,1475115768,6 Roxbury Parkway
cedula ciudadania,5758862236,Othilia,Dupree,8064269164,331 Union Way
cedula ciudadania,5192650081,Car,Tolley,4887192967,4436 Hudson Place
cedula ciudadania,3546541492,Rosabel,Pude,7388781348,3245 Clove Court
cedula ciudadania,6401014284,Sancho,Pinches,7347336450,331 Myrtle Hill
cedula ciudadania,9435511963,Cameron,Water,5607018483,7 Melrose Park
cedula ciudadania,4362888089,Doralynne,Pownall,8274802842,6 Carioca Parkway
cedula ciudadania,3591081707,Karole,Sivyer,2840961972,9 Northridge Court
cedula ciudadania,7521761052,Danell,Long,1028739161,63 Johnson Terrace
cedula ciudadania,1445349377,Haywood,Safell,8799662666,72231 Glendale Drive
cedula ciudadania,9793849250,Billie,Trenchard,8131798408,8 Fieldstone Circle
cedula ciudadania,1753973031,Tamma,Chippendale,4207779218,59 Crescent Oaks Alley
cedula ciudadania,2555683609,Raphael,Mengue,6347518317,83 Novick Way
cedula ciudadania,9525702272,Norton,Iglesia,6112296322,779 Bay Way
cedula ciudadania,6948868650,Davine,Esler,7760728505,8 Nancy Way
cedula ciudadania,1759658105,Prisca,Darwin,1560778087,99 7th Drive
cedula ciudadania,8374588672,Guss,Ganiclef,1868307114,772 Surrey Junction
cedula ciudadania,2960551236,Vanda,Sabatier,5304924062,6728 Forest Run Plaza
cedula ciudadania,9371454154,Levon,Bryer,6698021636,12812 Holmberg Plaza
cedula ciudadania,6550491133,Gennifer,Castelletto,1650534911,16 Rusk Plaza
cedula ciudadania,2093444276,Eryn,Rollett,7377165274,57383 Elka Park
cedula ciudadania,7565664124,Moore,Plaunch,6747960178,452 Hoard Way
cedula ciudadania,4952140658,Kipper,Aldington,1734755082,66734 Kropf Point
cedula ciudadania,7355185625,Jervis,Farndale,4230657298,09 Saint Paul Way
cedula ciudadania,3976032012,Nadean,Agnolo,7936160645,39 Maywood Alley
cedula ciudadania,8579167229,Rebbecca,Panswick,4478155091,3553 Monterey Pass
cedula ciudadania,9081694922,Kaylee,Chivers,9149942514,17 Rutledge Hill
cedula ciudadania,6034786554,Stevena,Puvia,8905389889,00231 Hollow Ridge Alley
cedula ciudadania,4170769109,Alexis,Gemmell,2112088316,5 Luster Junction
cedula ciudadania,8259834817,Melva,Ciciotti,5485209701,691 Schlimgen Avenue
cedula ciudadania,8420813857,De witt,Kemer,9042945243,68 Burrows Court
cedula ciudadania,9881294033,Lelia,Hefferan,3263878182,046 Derek Street
cedula ciudadania,2119943243,Siouxie,Aris,8958627145,674 Monterey Parkway
cedula ciudadania,8259697155,Domeniga,Dilon,3258844526,1 Coolidge Road
cedula ciudadania,6380805897,Petronille,Oleksinski,5908439311,812 Continental Terrace
cedula ciudadania,9149974848,Dud,Honig,5713164990,75 Dennis Parkway
cedula ciudadania,1826051333,Brittaney,Hayers,3874276620,91 Ridge Oak Crossing
cedula ciudadania,4711929367,Allen,Archbutt,1519685223,0098 Eggendart Plaza
cedula ciudadania,8066162833,Nickolai,Ornells,3099690972,9830 Green Ridge Avenue
cedula ciudadania,9754805823,Renata,Carren,2993410688,005 Sheridan Circle
cedula ciudadania,2253588030,Candide,Yepiskov,8639717095,864 Linden Road
cedula ciudadania,2197421735,Toni,Adamoli,9470477343,1082 Fisk Road
cedula ciudadania,8634796583,Patti,Snuggs,3437004768,11884 Macpherson Point
cedula ciudadania,4355571076,Liza,Weben,5097083530,5669 Service Terrace
cedula ciudadania,8346071599,Joline,Rosenauer,4057961294,9 Lukken Center
cedula ciudadania,8288142111,Elna,Seaking,9741572157,7782 Ohio Circle
cedula ciudadania,5082232914,Archibald,Soldner,7328279647,1 Welch Trail
cedula ciudadania,4215998565,Liva,McAllister,3174212144,5794 Melby Terrace
cedula ciudadania,3014206914,Zenia,Hamberston,7829371518,11388 Forest Dale Pass
cedula ciudadania,5322519051,Iormina,Trynor,2426245332,981 Scoville Point
cedula ciudadania,9860360255,Allis,Mulloch,2040051470,6 Declaration Place
cedula ciudadania,5443370347,Waly,Wulfinger,8773628814,51 Bultman Pass
cedula ciudadania,4164769162,Malchy,Leyre,6667882750,0 Esker Street
cedula ciudadania,4063834328,Leesa,Brumham,3758901435,17602 Village Green Way
cedula ciudadania,7216396744,Fannie,Binne,1174833995,672 Fuller Lane
cedula ciudadania,1830055761,Ferdinande,Argo,7549481534,3 Hermina Alley
cedula ciudadania,7640698951,Harri,Niblock,6346958595,9 Mariners Cove Circle
cedula ciudadania,9158838819,Vasilis,Lenchenko,7363413835,60 Rigney Place
cedula ciudadania,4175037573,Merridie,Patty,1817032341,5582 Scoville Lane
cedula ciudadania,1280985056,Camel,Hamilton,9406451436,42630 Manitowish Trail
cedula ciudadania,6571052859,Nellie,Cummings,9960940806,52670 Lakewood Center
cedula ciudadania,7928631496,Vail,Luety,9625816901,072 Swallow Crossing
cedula ciudadania,4909619885,Enrico,Algie,8729912920,72190 2nd Court
cedula ciudadania,6253382568,Philippine,Glazer,7412228905,01 Lake View Pass
cedula ciudadania,9090058160,Ardene,MacCaull,3172836196,621 Corry Road
cedula ciudadania,9648792518,Orly,Capper,7887099395,03811 Reindahl Crossing
cedula ciudadania,3124737377,Fae,Caroll,6095626720,0 Clyde Gallagher Place
cedula ciudadania,2434029790,Shawna,Grabban,4836393815,78 Sheridan Court
cedula ciudadania,4937722907,Irma,Robecon,7568560778,122 Service Way
cedula ciudadania,7329110839,Sibilla,Anthon,9000703512,84 Eagle Crest Center
cedula ciudadania,5210231942,Hashim,Kemmey,9823342335,4322 Ronald Regan Court
cedula ciudadania,6612108596,Ame,Minero,1500791058,643 Haas Circle
cedula ciudadania,8684837435,Brana,Adriano,9964667198,737 Hansons Alley
cedula ciudadania,4845366370,Lief,Cowdrey,9491971490,8077 Mallory Crossing
cedula ciudadania,2227454762,Antin,Vye,5023889474,2 Dottie Plaza
cedula ciudadania,2206318355,Ealasaid,Gromley,8713810442,24384 Doe Crossing Road
cedula ciudadania,6980756681,Sonnie,Dunnan,3802161643,44290 Gale Junction
cedula ciudadania,1080303029,Joeann,Tappin,2888159213,1 Daystar Plaza
cedula ciudadania,4433801956,Larina,Sorbey,3211444129,281 Shopko Road
cedula ciudadania,8360536891,Timmy,Heinrici,2010485849,1 Towne Place
cedula ciudadania,9566268731,Lucy,Barrs,2074815593,70965 Burning Wood Place
cedula ciudadania,6443523696,Jory,Boydle,4324778349,83 Hooker Crossing
cedula ciudadania,1800134816,Terry,Bleyman,5048805615,34009 Fremont Avenue
cedula ciudadania,4196706807,Rudolfo,Delle,9966016567,8 Loftsgordon Road
cedula ciudadania,5357862306,Shay,Johnke,3038592372,5387 Lighthouse Bay Center
cedula ciudadania,1324645776,Shepherd,Ibberson,8078106536,17508 Elgar Circle
cedula ciudadania,7190849518,Innis,Blennerhassett,1385657698,054 Old Gate Crossing
cedula ciudadania,7599312963,Ellette,Sjollema,6091154354,08 Harper Crossing
cedula ciudadania,1004134870,Hana,Briant,1647412131,01 Ridgeview Way
cedula ciudadania,2721590185,Kamilah,Hatherill,3322616617,0510 Moland Court
cedula ciudadania,8180313910,Decca,Zimmermanns,6470366049,38687 Armistice Center
cedula ciudadania,6242582041,Clem,Aysik,1314188311,350 Veith Alley
cedula ciudadania,2000820324,Flint,Gorring,6185202857,59 Lawn Road
cedula ciudadania,7473076287,Pablo,Beart,1858718792,2233 Jay Crossing
cedula ciudadania,1492269183,Lyndy,Ismay,9244704740,7 Cordelia Circle
cedula ciudadania,3598611725,Foss,Danielkiewicz,1232064103,9346 Victoria Center
cedula ciudadania,2626004132,Prince,Pershouse,4561045385,574 Lawn Parkway
cedula ciudadania,1632870333,Demetri,Funcheon,3689082255,9 7th Park
cedula ciudadania,8702790965,Isaac,Bowerman,1254934772,09321 Shoshone Lane
cedula ciudadania,4197691576,Hercules,Domokos,3759822150,4 Independence Trail
cedula ciudadania,1209810238,Laural,Lockhart,9979939353,39 Dorton Junction
cedula ciudadania,7414503884,Elsinore,Preshaw,4230139145,91 1st Park
cedula ciudadania,1254647568,Lisle,Asee,7709451902,4 Riverside Parkway
cedula ciudadania,9137396383,Ardis,Arnaudin,7210580870,3943 Derek Street
cedula ciudadania,5739304148,Allayne,Baudain,1319321269,0 Hazelcrest Alley
cedula ciudadania,3617921878,Clevie,Esberger,5870818965,14 Bartelt Street
cedula ciudadania,4271723941,Humphrey,Tatlock,8504098379,626 Sutteridge Plaza
cedula ciudadania,5802158734,Dar,Kevis,2124352652,79 Vahlen Road
cedula ciudadania,9010749511,Lia,Ciotto,7111597500,50688 Knutson Hill
cedula ciudadania,1216434057,Bibi,Blaasch,8340901933,758 Waxwing Plaza
cedula ciudadania,1556881671,Addy,Karran,3065197423,855 Butternut Center
cedula ciudadania,1603208763,Meghan,MacKnocker,6206358885,21534 Mallory Road
cedula ciudadania,9163155782,Joannes,Tippell,2217584668,3 Fordem Avenue
cedula ciudadania,7532754777,Robinette,Janda,3062165574,453 Forest Dale Street
cedula ciudadania,1385381670,Mandie,Strutt,5986918735,363 Elgar Pass
cedula ciudadania,9330973469,Phip,Label,5416120630,85862 Anzinger Junction
cedula ciudadania,5410039434,Amalita,Meikle,9221490596,78589 Hallows Hill
cedula ciudadania,4335035118,Donal,Toft,1371158695,69090 Arapahoe Point
cedula ciudadania,3673224629,Marsh,Kasman,6471104612,3 Hagan Crossing
cedula ciudadania,9657381717,Horten,Shields,5667918515,828 Lake View Street
cedula ciudadania,6380081546,Ava,Kyngdon,8911371284,2 Oneill Terrace
cedula ciudadania,6643154913,Marty,Vevers,1603307514,3574 Raven Place
cedula ciudadania,1947596112,Meris,Lorraway,2694436721,1549 Clyde Gallagher Road
cedula ciudadania,4525255047,Deni,Mamwell,1727022612,7 Ridgeview Court
cedula ciudadania,2858007271,Brigham,Moorcraft,9726674285,430 Surrey Street
cedula ciudadania,2747821945,Randee,Standing,4203852283,6 Barnett Hill
cedula ciudadania,3219290394,Ruben,Spry,4401862976,50045 Beilfuss Trail
cedula ciudadania,8556065878,Alanah,Beament,5470069715,93538 Maryland Point
cedula ciudadania,9752545364,Tailor,Killelay,2622252624,29 Pierstorff Junction
cedula ciudadania,3974450752,Asia,Yewdale,9561096184,24 Haas Crossing
cedula ciudadania,7817440285,Bekki,Binner,7461726608,46 Dawn Plaza
cedula ciudadania,3566909106,Hercules,Hillin,1887283350,64 Meadow Ridge Crossing
cedula ciudadania,5760239659,Paddie,Pedroni,8352160164,8 Northwestern Plaza
cedula ciudadania,6061526478,Malory,Parry,4180373244,5297 Marquette Parkway
cedula ciudadania,7224597437,Hector,Swait,1405836122,3 Golf View Lane
cedula ciudadania,8554096940,Magdaia,McNern,7055165597,6529 Scofield Drive
cedula ciudadania,4012933320,Renard,Ivashin,2781527395,87092 Walton Court
cedula ciudadania,9516796704,Cordell,Clymo,8600641945,0 Carey Place
cedula ciudadania,2545454352,Raymund,Bunyard,6591718532,63321 Pleasure Lane
cedula ciudadania,4046318055,Ted,McDuffy,7406968822,89569 Buell Trail
cedula ciudadania,5125548915,Daniela,Corn,2114750042,929 Forest Run Alley
cedula ciudadania,1347418456,Tana,Whebell,8376715493,5 Amoth Crossing
cedula ciudadania,2396830417,Adrian,Landrieu,4255061711,0 Bluestem Alley
cedula ciudadania,6097128109,Eugenie,Cornelleau,6464518722,77695 Jackson Pass
cedula ciudadania,2291054114,Hobard,Teece,5678844831,71185 Sycamore Road
cedula ciudadania,4697625304,Karina,Pepys,7244692120,185 Victoria Street
cedula ciudadania,8527430900,Davy,Slisby,8104487036,34 Elgar Terrace
cedula ciudadania,9511696229,Roxine,Barwell,9647720645,37 Pleasure Circle
cedula ciudadania,2247146215,Byron,Paynes,2291948025,261 Forster Junction
cedula ciudadania,3934433118,Farica,Ciccotti,8772007275,9 Corscot Avenue
cedula ciudadania,6074787689,Nikos,Cordon,6970605277,22630 Merrick Hill
cedula ciudadania,8185709460,Tory,Eskell,5462312500,31 Arizona Trail
cedula ciudadania,4403336020,Lance,Pyecroft,9986731489,6 Village Alley
cedula ciudadania,5482852418,Esmaria,O' Neligan,3588043194,3 Rowland Avenue
cedula ciudadania,9816973069,Jolene,Palluschek,4414114814,017 Spenser Hill
cedula ciudadania,3566644818,Indira,Grogono,3743435730,9846 Westridge Terrace
cedula ciudadania,5246003903,Yolane,Donnersberg,9099268691,46 Artisan Hill
cedula ciudadania,6747926964,Tito,Escoffier,3142581809,1828 Scofield Pass
cedula ciudadania,5836175989,Georgie,Lanfranconi,7625098413,53 Mayfield Way
cedula ciudadania,6655341390,Cam,Stockport,1453186305,098 Commercial Parkway
cedula ciudadania,5101649628,Peter,Skocroft,6744572900,42 Brentwood Court
cedula ciudadania,4193500514,Carlotta,Coram,3582433748,9 Boyd Drive
cedula ciudadania,3884469277,Neile,Buttrum,3740558061,269 Mcbride Pass
cedula ciudadania,8080147883,Lorianna,Bettenson,3704831090,11047 Montana Trail
cedula ciudadania,7679107756,Yanaton,Penning,3058881710,8 Glacier Hill Parkway
cedula ciudadania,6882569798,Diann,Pidgeon,7856048342,92529 Briar Crest Parkway
cedula ciudadania,8736648631,Barny,Blundin,3561965521,87785 Clarendon Terrace
cedula ciudadania,9712100665,Gabriele,Densumbe,2132606117,69 Orin Crossing
cedula ciudadania,6426825648,Nerita,Pettitt,9826198595,23246 Hoepker Terrace
cedula ciudadania,8088081780,Felita,Leadbeatter,6663234035,29274 Forest Dale Street
cedula ciudadania,8891129935,Rosie,Saunder,3115509836,80 Service Parkway
cedula ciudadania,3912419520,Vina,Twining,5619956272,46138 Cardinal Junction
cedula ciudadania,5032655830,Tripp,Follacaro,3367120434,9 Mayer Junction
cedula ciudadania,9617517310,Shanta,Gullyes,3259188038,3398 Moose Road
cedula ciudadania,7093754836,Gradeigh,Ong,8849286470,6135 Prentice Place
cedula ciudadania,4887815974,Mario,Erricker,8261777654,63 Prentice Place
cedula ciudadania,5866645306,Adelina,Cristofori,7784589921,9943 Randy Hill
cedula ciudadania,8526665017,Gav,Bridgewood,7506348004,33 Sherman Place
cedula ciudadania,5834828588,Dilan,Hinstridge,9281740704,1 Waxwing Road
cedula ciudadania,5453268887,Arabela,Chapell,3729169289,6440 Del Mar Lane
cedula ciudadania,5136038755,Harley,Arendt,4915776073,5153 Rockefeller Place
cedula ciudadania,6386005727,Cthrine,Wreak,3159584312,9250 Division Point
cedula ciudadania,9746452031,Orella,Benedetti,2884500601,8 Tony Place
cedula ciudadania,8734422065,Frants,Cornwell,8713342935,765 Goodland Center
cedula ciudadania,3915115070,Pall,McDunlevy,8672950860,19377 Nancy Place
cedula ciudadania,4883719112,Ofella,Gouinlock,4906136325,9 Pond Terrace
cedula ciudadania,7526732488,Gery,Bowkett,9853755372,4 Di Loreto Crossing
cedula ciudadania,1355737053,Margaretta,Gimblet,8470082218,57832 Raven Trail
cedula ciudadania,2256744174,Pauline,Cumpton,2824408844,5195 Miller Junction
cedula ciudadania,7355832847,Ethe,Darnell,3372348582,9 Waubesa Pass
cedula ciudadania,1424181934,Susie,Moult,7687393219,51 Melvin Place
cedula ciudadania,7883012496,Sherry,Gow,8429070123,7 Utah Lane
cedula ciudadania,3308711318,Whit,Scrafton,3123215387,5 Harbort Parkway
cedula ciudadania,1239594737,Dulcea,Hardwick,4377322613,7 Jay Circle
cedula ciudadania,1623671168,Kim,Warrender,1313971279,00850 Rusk Drive
cedula ciudadania,4607497501,Rose,Burnsell,2952873187,33 Mariners Cove Plaza
cedula ciudadania,6846392035,Coleen,Schirak,1335836817,6642 Anderson Alley
cedula ciudadania,5387026914,Sergent,Brockway,3133132693,99 Birchwood Trail
cedula ciudadania,9012594215,Anne-marie,Lukianov,7166614357,47 Raven Junction
cedula ciudadania,9015073763,Doy,O'Grada,1737711776,84737 Cordelia Terrace
cedula ciudadania,9163034841,Bob,Guerrieri,8382050222,374 Mesta Place
cedula ciudadania,4711682272,Noella,Caslett,7648727648,21716 Fairview Pass
cedula ciudadania,7024646651,Kennie,Ricketts,6895273790,667 Knutson Point
cedula ciudadania,5806281110,Bradly,Roser,3063545117,2 Heath Parkway
cedula ciudadania,1046718898,Stuart,McSporon,1338729573,460 Anhalt Plaza
cedula ciudadania,8296290476,Alyson,Stivers,2753375457,0761 Miller Road
cedula ciudadania,8523695918,Chrissy,Woollaston,4573729779,27631 Jenifer Point
cedula ciudadania,8018897796,Boote,Loosemore,7699366653,4 Pepper Wood Crossing
cedula ciudadania,6395938622,Lydie,Stringfellow,6882536840,08383 Fairfield Crossing
cedula ciudadania,6628366673,Olga,Gready,9724856306,763 Linden Court
cedula ciudadania,9758291776,Josy,Walklott,8561757129,3030 Sunbrook Circle
cedula ciudadania,3600386974,Gino,Crookston,6713051235,0 Clarendon Pass
cedula ciudadania,8623418216,Kathi,Mc Caughan,3049707227,66963 Moose Crossing
cedula ciudadania,5784835173,Estella,Attenborrow,6173686741,51242 Marcy Lane
cedula ciudadania,7757357088,Peter,McManus,3909808871,935 Parkside Road
cedula ciudadania,7603575421,Velma,Brooke,7502310022,0545 Stone Corner Road
cedula ciudadania,7333773626,Paolo,Scottesmoor,9614239479,1 Sherman Center
cedula ciudadania,2270298980,Dode,Askey,9640317272,009 Quincy Way
cedula ciudadania,4695663328,Nanete,Pietruszewicz,4687026923,025 Bay Road
cedula ciudadania,7852417187,Iosep,Backes,4571022326,65 Macpherson Hill
cedula ciudadania,2062888944,Britta,Schlagman,6952292518,64 Chive Road
cedula ciudadania,3121974767,Drew,Franzetti,8292598105,029 Kensington Hill
cedula ciudadania,4861369854,Micheil,Thurner,6988694712,84 Meadow Valley Court
cedula ciudadania,6393540984,Jamal,Pickworth,9659917469,59918 Grover Alley
cedula ciudadania,5969979185,Susanne,Schlagman,8635249986,40 Homewood Center
cedula ciudadania,3634343394,Sabrina,Heap,2549180652,3344 Browning Park
cedula ciudadania,3298921996,Juliana,Crichton,7266268760,7188 Aberg Court
cedula ciudadania,3983100659,Guido,Flood,8206483095,19844 Westridge Avenue
cedula ciudadania,3887323002,Porty,Stoeckle,3235971322,9 Crowley Avenue
cedula ciudadania,2018673821,Corey,Szabo,4149858032,37771 Thackeray Street
cedula ciudadania,1199737058,Susana,Shortan,2029752921,54 East Trail
cedula ciudadania,7666958412,Cacilia,Zoellner,4179832627,3777 Esch Crossing
cedula ciudadania,8845552463,Kelley,Decker,3028808168,1 Burning Wood Center
cedula ciudadania,1669282367,Maudie,Hailwood,8380829010,1 Bay Street
cedula ciudadania,6442786929,Nicky,Perot,9345249466,4 Messerschmidt Junction
cedula ciudadania,5851529871,Mirna,Abelovitz,4902261481,5 Kinsman Court
cedula ciudadania,9662346439,Mufi,Mongin,9336149422,7828 Nova Place
cedula ciudadania,4841596778,Tremaine,Lashford,9593881344,73 Anderson Circle
cedula ciudadania,8300742762,Keriann,Beldan,3897456424,477 Westerfield Center
cedula ciudadania,5503118627,Lind,Yedy,9169805207,48144 Sachtjen Park
cedula ciudadania,7791832276,Christian,Lokier,8262854321,81134 Banding Street
cedula ciudadania,1267489476,Waite,Dunderdale,7403599034,04486 Knutson Place
cedula ciudadania,5371967632,Devon,Sallter,6907512882,07997 Cody Drive
cedula ciudadania,1511717802,Emmanuel,Mapholm,6844877530,75 Eagle Crest Crossing
cedula ciudadania,6805868720,Etti,Boorne,9705270580,527 Pleasure Crossing
cedula ciudadania,7048714284,Laetitia,Sheldrick,1898710414,328 Jenna Center
cedula ciudadania,8475780089,Shurwood,Lujan,6629362997,066 Tony Point
cedula ciudadania,3160645742,Hazlett,Smalley,2910714269,2847 Waubesa Avenue
cedula ciudadania,7412927501,Annadiana,Houseman,9708474068,75159 Sycamore Junction
cedula ciudadania,4346362568,Theo,Cleobury,8236453256,34 Bayside Lane
cedula ciudadania,1817013139,Hamid,Kenrack,6926359805,6607 Warner Drive
cedula ciudadania,4046117210,Nolan,Finnimore,6202087120,564 2nd Junction
cedula ciudadania,4720589692,Bonnie,Banger,5104094266,8 Stang Lane
cedula ciudadania,2084293899,Jaine,Bartlam,6654433398,8 Anderson Junction
cedula ciudadania,5408952305,Garald,Ketts,7851419638,7 Oak Valley Lane
cedula ciudadania,3867962869,Dorine,Gamil,8272680606,995 Garrison Road
cedula ciudadania,7917479361,Darb,Sego,2478480787,63702 Shasta Alley
cedula ciudadania,1388904734,Putnam,Curtiss,7775711783,0222 Lukken Avenue
cedula ciudadania,4492911158,Rachael,Pavett,5523371097,4 Almo Plaza
cedula ciudadania,9763468122,Theodor,Ruspine,4588486481,94 Bay Avenue
cedula ciudadania,8898051329,Tansy,Dracey,6460655454,150 Hoepker Junction
cedula ciudadania,7276748674,Greggory,McIlmorow,9679283779,22 Rigney Junction
cedula ciudadania,5870329598,Liza,Learmonth,6140428001,82 Delladonna Trail
cedula ciudadania,6918069692,Gabriela,O' Lone,2884408006,458 Graedel Crossing
cedula ciudadania,9451399517,Napoleon,Marchington,2365141899,35592 Park Meadow Hill
cedula ciudadania,6186458395,Jacky,Kneaphsey,3961374854,5869 Raven Road
cedula ciudadania,2529235115,Vannie,Hartless,7613695106,077 Bartillon Drive
cedula ciudadania,6118307329,Steffane,Hesser,6501665331,403 Banding Pass
cedula ciudadania,1527476012,Kalie,Hrycek,8946014412,10 Hollow Ridge Way
cedula ciudadania,7102856200,Dedra,Hancke,4586515570,4 Anniversary Terrace
cedula ciudadania,7749796836,Devon,Godart,2927862157,32 Valley Edge Crossing
cedula ciudadania,8639604398,Vanna,Olech,6121749139,1 Troy Circle
cedula ciudadania,5069544457,George,Paulley,9918937858,59650 Barby Avenue
cedula ciudadania,6218533804,Jarrett,Pixton,2476782546,260 Anhalt Trail
cedula ciudadania,3395746422,Rod,Roddell,3897501108,64 Delaware Lane
cedula ciudadania,5807446270,Sharron,Mathers,6812456942,883 Grover Hill
cedula ciudadania,1318009366,Emmey,Byllam,1218365257,9 8th Way
cedula ciudadania,1867165874,Carly,Marlin,6327098548,554 5th Avenue
cedula ciudadania,7709131629,Hazlett,Wraighte,3968000166,9534 Straubel Hill
cedula ciudadania,7938735599,Danielle,Duffil,4347993452,823 Northwestern Way
cedula ciudadania,2580194236,Berton,Rames,9417307536,98518 Northfield Court
cedula ciudadania,4305125692,Dwain,Hearnah,6885919554,831 Dryden Trail
cedula ciudadania,7391675220,Axe,Mundee,7767283713,1930 Forest Run Pass
cedula ciudadania,1842035547,Rudd,Wilcox,5660440703,8 Maryland Street
cedula ciudadania,3051677173,Duncan,Dimitriades,6311646947,0800 Onsgard Street
cedula ciudadania,4742854128,Annissa,Lampen,5936699771,6 Bartelt Court
cedula ciudadania,5400423111,Ambrosi,Rappaport,1085238791,74959 Oak Valley Center
cedula ciudadania,1646637979,Jeramey,Khrishtafovich,3675831673,3844 Park Meadow Circle
cedula ciudadania,4831398939,Germana,Gonzales,7650353913,6 Merry Park
cedula ciudadania,9973825980,Tabbatha,McAndrew,8681158584,774 Lawn Center
cedula ciudadania,5598366169,Free,Moorwood,7511687103,068 Rieder Way
cedula ciudadania,6016316785,Cosimo,Tamlett,2537538782,76 Oneill Hill
cedula ciudadania,4136813208,Ricky,Peschka,7544470667,749 Sullivan Point
cedula ciudadania,7596217993,Allyce,Start,2177790999,67853 Walton Court
cedula ciudadania,8893955019,Tedd,Handrok,9663484818,1139 Daystar Road
cedula ciudadania,6695507514,Xaviera,Broader,2435919012,3 Graceland Street
cedula ciudadania,6742073055,Jennine,Schubert,9159446949,4 Anzinger Place
cedula ciudadania,8897977973,Carree,McFarlan,2842313698,3 Chive Circle
cedula ciudadania,8734964635,Gates,Lucchi,6868398206,2228 American Parkway
cedula ciudadania,4043096702,Neile,Leopold,9451156421,2591 Morning Court
cedula ciudadania,9170842407,Dasya,Beamond,7244262272,699 Forest Run Parkway
cedula ciudadania,3004615391,Gipsy,Revie,2628405989,4 Hanover Lane
cedula ciudadania,2000814948,Scotty,Pendock,1935583014,0754 Hovde Crossing
cedula ciudadania,4892024908,Silvano,Uphill,5441208611,5608 Cambridge Road
cedula ciudadania,4289619976,Consolata,Lidster,1940655970,86344 Pawling Plaza
cedula ciudadania,4502698589,Durand,Rance,4261711803,91 Burrows Lane
cedula ciudadania,4027130247,Marne,Marsy,2741517903,9 2nd Plaza
cedula ciudadania,6347845749,Alameda,Jaulmes,1500424516,28 Mesta Lane
cedula ciudadania,2361452194,Rubetta,Harrington,1350378628,94 Banding Terrace
cedula ciudadania,8091205244,Manuel,Escritt,4916841201,342 Bluejay Court
cedula ciudadania,9297701555,Tallia,Simmance,8606290975,0316 Norway Maple Alley
cedula ciudadania,1073829652,Kacie,Petrichat,5508691566,94 Nelson Drive
cedula ciudadania,5564291347,Sioux,Quiddinton,2331190893,56 Russell Lane
cedula ciudadania,8487360625,Henka,Fishburn,8883838682,8 Grover Parkway
cedula ciudadania,1468180459,Gretchen,Tebb,5557864688,70331 Talisman Circle
cedula ciudadania,4773868316,Tab,Swadling,6211614700,7487 Basil Pass
cedula ciudadania,9829520125,Romy,Le Hucquet,7424456105,0488 Lyons Park
cedula ciudadania,5466722249,Clint,Jagiello,1936631452,7 Service Lane
cedula ciudadania,9046118635,Ileana,Auchterlony,3904229332,16 Johnson Avenue
cedula ciudadania,8220671847,Eada,McBratney,9766678599,362 Clyde Gallagher Plaza
cedula ciudadania,7031785200,Enid,Infante,9562744293,8191 Vidon Circle
cedula ciudadania,6236301617,Kellen,Penning,8511461362,77300 Gerald Junction
cedula ciudadania,1115361804,Brok,Heyball,9219839922,386 Homewood Pass
cedula ciudadania,6108752251,Boone,Tunaclift,7878273720,39891 Gulseth Place
cedula ciudadania,5657227843,Rheba,Tipton,6100595677,840 Grim Hill
cedula ciudadania,3326430795,Abbe,Stonard,5950426412,63703 Granby Hill
cedula ciudadania,4732166664,Herculie,Mordin,6960632025,8 Gateway Road
cedula ciudadania,8095315794,Bamby,Bucklee,3338952233,1 Oakridge Avenue
cedula ciudadania,2590019315,Lethia,Willows,4600236050,324 Surrey Street
cedula ciudadania,7130405788,Raddie,McGreal,1150362676,2437 Sutteridge Point
cedula ciudadania,8701414907,Twila,Hovert,1598139743,49379 Laurel Junction
cedula ciudadania,7566387665,Nyssa,Linford,2881427262,7 Cardinal Parkway
cedula ciudadania,3265796592,Minni,Milvarnie,9571499310,2 Washington Parkway
cedula ciudadania,2022502574,Joelie,Marns,7452120245,8 Mifflin Lane
cedula ciudadania,1434187918,Cindee,Fitt,2964592779,381 Corry Circle
cedula ciudadania,6463800733,Hubie,Severwright,3781711372,98094 Muir Place
cedula ciudadania,5180310083,Caye,Espinola,4435292379,274 Forest Dale Parkway
cedula ciudadania,9798218584,Margarette,Crowdson,5370359983,7 Schlimgen Point
cedula ciudadania,6029369150,Keene,Pavy,2662925612,4921 Sunfield Plaza
cedula ciudadania,7139997064,Marthe,Sieghard,7492324631,9193 Sherman Drive
cedula ciudadania,8310186042,Willie,Nutbean,4002651038,631 Forest Run Street
cedula ciudadania,7747939473,Arvin,Small,2879587105,8373 Michigan Drive
cedula ciudadania,8302315493,Marv,Geekin,9356695313,3905 Michigan Court
cedula ciudadania,1564133246,Beau,Nigh,7830364729,62010 8th Way
cedula ciudadania,4168846721,Vanni,Pritchard,6602431492,70 Pankratz Avenue
cedula ciudadania,8666976874,Enos,Pemble,1234005418,757 Memorial Place
cedula ciudadania,8538645397,Rafa,Vanlint,2785903515,9777 Meadow Vale Junction
cedula ciudadania,2070137550,Lu,Fielders,5100418710,33120 Alpine Trail
cedula ciudadania,9357294977,Tracie,Marcome,5255421361,6018 La Follette Trail
cedula ciudadania,8509078448,Gar,Kimbell,6332445249,4118 Banding Junction
cedula ciudadania,9812920665,Florie,Argile,6354489992,1821 Oriole Terrace
cedula ciudadania,8999928533,Elna,O'Monahan,2408063111,3 Texas Terrace
cedula ciudadania,4184078572,Enos,Cressar,5494216382,550 Springs Trail
cedula ciudadania,6878954425,Cherye,Zarb,1307849596,03 Wayridge Point
cedula ciudadania,2946458457,Raphaela,Bonnaire,6562994851,8411 Blaine Hill
cedula ciudadania,9872206534,Carroll,Niland,6661619598,964 Independence Crossing
cedula ciudadania,9808160865,Corrine,Galfour,8628798735,4153 American Ash Road
cedula ciudadania,7374006335,Alix,Willoway,3758733463,1599 Briar Crest Hill
cedula ciudadania,6740317194,Wallie,Lulham,1933154657,0 Killdeer Trail
cedula ciudadania,2002107434,Sallyanne,Ledbury,6131810719,45812 Arapahoe Pass
cedula ciudadania,9408959504,Sibeal,Raith,9370515494,6764 Macpherson Circle
cedula ciudadania,6259882644,Inger,Pavyer,5888538034,0 Rutledge Circle
cedula ciudadania,3648255654,Loria,Petford,1441905288,435 Killdeer Terrace
cedula ciudadania,7516915276,Moshe,McGettrick,5286585969,49 Arrowood Point
cedula ciudadania,6377199887,Licha,Lawrance,2437544565,8 Southridge Drive
cedula ciudadania,9084710288,Faythe,Selby,6496835833,0246 Springs Park
cedula ciudadania,3204762053,Dory,Grattage,1298758043,7035 Jenifer Place
cedula ciudadania,1299223826,Maude,Brilleman,6508837295,3 Fordem Road
cedula ciudadania,8562941474,Cordell,Pagon,7312375411,2 Elgar Crossing
cedula ciudadania,3968985279,Richard,Hollyland,3882429322,4741 Grayhawk Street
cedula ciudadania,3790211238,Mariejeanne,Wrought,6811911205,950 Calypso Center
cedula ciudadania,1987565621,Tanny,Wyne,6998132764,36 Nancy Place
cedula ciudadania,9707917058,Letta,Wildblood,6771173101,31 Oriole Pass
cedula ciudadania,7730207823,Catlin,Harg,3755283738,666 Corscot Alley
cedula ciudadania,8776800809,Del,Lamport,5945243483,394 Eastwood Terrace
cedula ciudadania,6311824651,Allard,Drinnan,1628113830,1281 Del Sol Trail
cedula ciudadania,2238793250,Orelee,Camplen,3439092842,0 Oak Avenue
cedula ciudadania,4781208601,Denny,Fitt,3882023483,01663 Grasskamp Hill
cedula ciudadania,8776025708,Neale,Kendrick,8250858819,81355 Fieldstone Street
cedula ciudadania,6195254331,Jania,Edmand,9849621639,20393 Heath Street
cedula ciudadania,6274981986,Orson,Keal,6289873712,8693 Village Road
cedula ciudadania,8056754184,Terza,Revitt,5697080054,4 Hazelcrest Road
cedula ciudadania,2541413972,Ava,Coppeard,5326024928,74 Charing Cross Parkway
cedula ciudadania,2694501494,Gaye,Brownett,6112401770,55756 Sachtjen Parkway
cedula ciudadania,7644099468,Jori,Stoneham,5928616836,356 Miller Point
cedula ciudadania,1650346907,Jammal,Remirez,1740882768,620 Kenwood Avenue
cedula ciudadania,6739728751,Mella,Ongin,5461382399,2 Mariners Cove Crossing
cedula ciudadania,8961050261,Wittie,Keedwell,9860929275,2754 Dennis Parkway
cedula ciudadania,9469397117,Linnea,Savin,6346903430,74 Kim Drive
cedula ciudadania,9393681940,Saunder,O'Hannay,3155153960,5 2nd Lane
cedula ciudadania,1232022303,Klement,Michell,7744196790,7981 Quincy Circle
cedula ciudadania,3302515866,Lianne,Atwood,3320423851,5 Sundown Trail
cedula ciudadania,2011108228,Adelle,Vivian,6996844449,577 Ryan Plaza
cedula ciudadania,1551767604,Libbie,Blasli,8676317953,83 Lighthouse Bay Park
cedula ciudadania,9058869271,Jocelyne,Kavanagh,9442488867,1 Hanson Junction
cedula ciudadania,9243034291,Trude,Cahey,9504533738,8 Raven Avenue
cedula ciudadania,9064976456,Collete,Bouch,7119898802,2260 Armistice Pass
cedula ciudadania,4219592452,Hilde,McCraw,4214406127,44536 Oakridge Alley
cedula ciudadania,8224958530,Osbourne,Falco,5032076430,22 Kropf Hill
cedula ciudadania,5413085822,Gaelan,Ingre,2204420014,15867 Fair Oaks Hill
cedula ciudadania,3724345219,Pepita,Milbank,8308459796,0 Nova Street
cedula ciudadania,2762249747,Matti,Farnaby,4967624941,4400 Marcy Center
cedula ciudadania,3260440694,Ileane,Pellamonuten,2956822363,42 Forest Dale Street
cedula ciudadania,7498635575,Marji,Clacey,4393383350,5 Moulton Circle
cedula ciudadania,9556014039,Edyth,Tourle,2173584742,5939 Sunfield Plaza
cedula ciudadania,7983737104,Sandie,Choupin,8723059559,39323 Esch Road
cedula ciudadania,6592642804,Grazia,Massei,9613178070,42442 Oxford Junction
cedula ciudadania,6316160687,Josy,Coopey,6613443617,8817 3rd Lane
cedula ciudadania,1715600935,Edna,Cristofol,8017634019,4175 Russell Place
cedula ciudadania,5672674963,Genovera,Sotheron,4149386436,36 Express Street
cedula ciudadania,9080696533,Leese,McDuall,6646655875,805 2nd Trail
cedula ciudadania,4532571592,Adoree,Fifield,4214496862,88 Monument Junction
cedula ciudadania,5851409347,Heath,Dukesbury,4143507356,716 Sloan Court
cedula ciudadania,4752074864,Tove,Gilhool,9932632679,70 Jackson Court
cedula ciudadania,5154713420,Wally,Loraine,3048072319,512 Roxbury Point
cedula ciudadania,3228506073,Boone,Picford,3408232932,6 International Crossing
cedula ciudadania,8179239246,Nelle,Bruty,7923446983,773 Scott Trail
cedula ciudadania,7659182966,Joby,Tilburn,3382305775,57 Parkside Court
cedula ciudadania,4989533536,Lief,Ashington,4615046604,3963 Hazelcrest Pass
cedula ciudadania,9586170307,Elbertina,Stoker,1632909769,42 Dixon Road
cedula ciudadania,7238636379,Katine,Vearncomb,3027941003,30082 Drewry Park
cedula ciudadania,2013494243,Karoline,Spelsbury,6989978997,5 Pankratz Park
cedula ciudadania,8691458537,Bill,Ivermee,7070637501,1742 Paget Plaza
cedula ciudadania,5056470375,Hube,Bonson,8809376839,1 Scott Park
cedula ciudadania,5479732238,Waylen,O'Shevlin,8037024891,9809 Alpine Avenue
cedula ciudadania,8716017489,Lorin,Calender,3388456262,4983 Schmedeman Road
cedula ciudadania,8182891377,Kienan,Haddington,3655323305,0 Quincy Road
cedula ciudadania,8223821523,Sibylla,Verdy,4854071210,45547 Hooker Street
cedula ciudadania,1031713699,Sonja,Overell,7003596049,084 High Crossing Park
cedula ciudadania,3291676614,Caz,Phillps,8113260992,4 Algoma Parkway
cedula ciudadania,2055401758,Starr,Greenier,7434409286,0565 Esker Place
cedula ciudadania,9096146946,Florance,Ivkovic,5215156478,8665 Oxford Lane
cedula ciudadania,1059430622,Ardyth,Sheers,5959670185,3 Spaight Plaza
cedula ciudadania,1662473999,Celina,Caplin,9207840115,14 Havey Street
cedula ciudadania,7472786522,Zebedee,Parkman,3099974040,99 Westerfield Street
cedula ciudadania,2780084096,Junie,Lucia,9627383348,8 Milwaukee Circle
cedula ciudadania,2059858727,Page,Shears,7677994232,56679 Lien Circle
cedula ciudadania,4832231901,Wain,Thorneloe,5802544547,64865 Burrows Point
cedula ciudadania,5492866854,Eddy,Kingman,4229525880,82509 Gina Drive
cedula ciudadania,2305138910,Price,Sands,4561048551,20 Nova Place
cedula ciudadania,1746280469,Cristian,Mitford,4589280188,6484 Express Park
cedula ciudadania,6754943949,Bernadene,Martinec,1219299626,44235 Green Plaza
cedula ciudadania,3788740704,Merrielle,Dewhurst,4730895664,3800 Comanche Crossing
cedula ciudadania,9666331222,Libbi,Leydon,9461321459,20182 Waywood Drive
cedula ciudadania,1826240137,Glenn,Breitling,9995766692,808 Dorton Street
cedula ciudadania,9183843795,Sydelle,Troni,4535790483,550 Mallard Circle
cedula ciudadania,3893122288,Ardella,Treske,3025172903,8 Elgar Court
cedula ciudadania,8559530393,Shir,Alldred,3275942614,08 Linden Center
cedula ciudadania,5301185392,Des,Gofton,1928712942,5 Eastwood Alley
cedula ciudadania,1502650347,Daveta,Swinglehurst,2639472196,1 Steensland Alley
cedula ciudadania,1494699345,Stacey,Lovart,1704909005,85525 Shopko Hill
cedula ciudadania,4517018262,Anne-marie,Keston,3386533887,01 Hallows Way
cedula ciudadania,1449989843,Torin,Dreamer,9836981544,748 Mandrake Way
cedula ciudadania,8106837528,Priscella,Fritschmann,9934092743,6 Bobwhite Trail
cedula ciudadania,8437898070,Friedrich,Goodban,7519104059,8444 Coolidge Point
cedula ciudadania,7659298268,Angel,Alexandersen,7112164550,1825 Pepper Wood Circle
cedula ciudadania,7564255893,Minta,Sheers,4013997143,9 Northfield Lane
cedula ciudadania,8569937381,Jarrod,Van Merwe,5585886521,82 Brentwood Point
cedula ciudadania,1445342643,Deanne,Le Provost,4996699434,56 Summer Ridge Road
cedula ciudadania,7220306118,Creighton,Ayris,8536717419,4 Colorado Court
cedula ciudadania,1693566833,Lavinia,Fillgate,7069962490,3 Brentwood Park
cedula ciudadania,2470516586,Mirella,Ribey,8748579346,740 Westridge Place
cedula ciudadania,3449809367,Torie,Brisco,5783345511,19107 Scofield Terrace
cedula ciudadania,9474736199,Devonna,Chatain,4734456206,634 Kings Pass
cedula ciudadania,2422949682,Phip,Moxsom,9846502093,34277 Hallows Court
cedula ciudadania,6495522062,Rosetta,Pelman,6967047542,63244 Barby Alley
cedula ciudadania,9595626988,Drusilla,Lemmens,8825478808,33603 Ryan Circle
cedula ciudadania,6927573224,Corabel,Fillon,3612406023,0 Oak Hill
cedula ciudadania,6996546131,Redford,Dennistoun,9450004614,94314 1st Circle
cedula ciudadania,1491154564,Raquela,Langabeer,6683383096,2132 Shopko Circle
cedula ciudadania,2324958649,Annalee,Drezzer,8214696994,6651 Iowa Pass
cedula ciudadania,9080241316,Ted,Strode,2338644938,0224 Logan Way
cedula ciudadania,9055472677,Erek,Heam,3012767995,7 Mayer Court
cedula ciudadania,9570931868,Aldridge,Lenin,6749767352,362 Sunbrook Way
cedula ciudadania,1307472219,Phillida,Vanderson,3400203218,63 Tennyson Center
cedula ciudadania,8281645041,Marcella,Neesam,6859529202,39782 Surrey Alley
cedula ciudadania,5293429859,Kore,Roxby,9822365421,45 Dottie Terrace
cedula ciudadania,8474347016,Calida,Turbitt,6343762926,87148 Commercial Center
cedula ciudadania,3053408360,Vanda,Burgan,4878853065,41 Northfield Park
cedula ciudadania,8890743075,Bastien,Boyland,7743387152,58028 Mallard Center
cedula ciudadania,7263425698,Griffy,Tutton,3335901725,1614 Morrow Drive
cedula ciudadania,8024560239,Perren,Fogg,3576580710,52514 Kim Hill
cedula ciudadania,1407425573,Glad,Jaouen,2436218566,58 Larry Terrace
cedula ciudadania,2906345769,Jany,Potbury,6337336192,9 Londonderry Circle
cedula ciudadania,2877262950,Elora,Mc Grath,2512870396,17 Gina Street
cedula ciudadania,8646943818,Hurley,Briddle,7746479406,99722 Nova Terrace
cedula ciudadania,8732455958,Roselin,Sturmey,1657582586,0039 Cherokee Parkway
cedula ciudadania,9336520934,Granthem,Scutching,5244395023,30457 Sutteridge Drive
cedula ciudadania,6147273837,Lindi,Jerrolt,7604942847,40 8th Junction
cedula ciudadania,6487587941,Nikolas,Capron,5339072111,48 Judy Crossing
cedula ciudadania,9659577654,Kristen,Oehme,9291941077,70 Lindbergh Terrace
cedula ciudadania,6499445645,Davon,Clymer,6020677754,594 Milwaukee Alley
cedula ciudadania,6317425197,Phillie,Codi,5807127557,2847 Nelson Crossing
cedula ciudadania,9686192016,Eleonore,Smiths,9381408189,5253 Badeau Center
cedula ciudadania,1901013291,Maddy,Vigers,7814140376,584 Milwaukee Pass
cedula ciudadania,4563504099,Magdalene,Wedge,2150321098,39 Park Meadow Place
cedula ciudadania,9430474066,Morna,Keyworth,5078875155,4925 Lerdahl Crossing
cedula ciudadania,5998094393,Fred,Ennals,3655848731,71 New Castle Point
cedula ciudadania,1635291076,Kimbell,Priel,4426656029,0 Buell Hill
cedula ciudadania,6378304819,Zea,Derisly,3797405148,49 Welch Lane
cedula ciudadania,1642179324,Cliff,Kubacek,7280053883,67412 Sycamore Point
cedula ciudadania,5006916702,Brynn,Giorgione,7975369851,657 Tony Place
cedula ciudadania,3531264893,Shir,Argrave,5707005523,6 Stoughton Road
cedula ciudadania,3578153347,Bertha,Wasmuth,9557719858,813 Nelson Junction
cedula ciudadania,2995541953,Bernita,Fermor,7243089779,9 Crescent Oaks Court
cedula ciudadania,4803929631,Lianne,Gartell,2144748962,37 Michigan Avenue
cedula ciudadania,7496944727,Dagmar,Deval,2283752172,4 Hermina Place
cedula ciudadania,9108764639,Gwenore,Noell,5324730349,42 Banding Parkway
cedula ciudadania,3528004325,Ediva,Gauford,4575702224,95 Moose Crossing
cedula ciudadania,6805786921,Billie,Etherson,2514174976,594 Raven Junction
cedula ciudadania,6911923349,Ralina,Harvard,6554354134,0712 Ludington Circle
cedula ciudadania,1041105434,Beilul,Scottesmoor,4880290444,2 Sauthoff Road
cedula ciudadania,4560236027,Nathanael,Alpes,7489435073,0233 Brickson Park Terrace
cedula ciudadania,7644126407,Pascale,Sword,9342503029,49 Butternut Plaza
cedula ciudadania,7023779381,Jaime,Jachtym,6229524163,5 Claremont Parkway
cedula ciudadania,7703919616,Oran,Kears,5304617996,5784 Holmberg Street
cedula ciudadania,4705932236,Duffie,Purrier,8997922514,70971 Banding Hill
cedula ciudadania,1229794363,Hatti,Marklund,5661971682,397 Prentice Plaza
cedula ciudadania,2604239545,Leontine,Eilers,2187797693,56150 Blaine Crossing
cedula ciudadania,5710370671,Don,Pendered,8442698414,459 Manley Lane
cedula ciudadania,5206905771,Stacia,Eicheler,5786103025,29289 Center Junction
cedula ciudadania,5070403213,Wilt,Bernth,7175092122,1025 Crownhardt Hill
cedula ciudadania,8127636657,Jesse,McGucken,9454319535,81 Grim Point
cedula ciudadania,4175255576,Jeramey,Fludgate,8920100515,014 Judy Parkway
cedula ciudadania,8474929701,Gregoor,Dillingston,3226407602,4 Loeprich Road
cedula ciudadania,7673207910,Shayla,Rediers,6812526246,4 Southridge Way
cedula ciudadania,8163334703,Sacha,Brugmann,6670521465,01 Algoma Drive
cedula ciudadania,5633048340,Diena,Kew,7864058606,7 Warner Pass
cedula ciudadania,7227252133,Clerc,Tsar,8086917737,662 Badeau Crossing
