Transcof,63832,Cacilie Eckh
Konklab,26905,Leela Widdows
Regrant,39171,Zebedee Abele
Zamit,59066,Redd Garmston
Otcom,21263,Katlin MacKnocker
Viva,83963,Hurlee Wethered
Job,49898,Frannie Byrde
Solarbreeze,26981,Valene Incogna
Flexidy,32954,Christabel Hulett
Biodex,39949,Adelaida Rousell
Lotstring,97710,Lucina Whylie
Zoolab,43749,Laurie McCurtin
Domainer,38694,Bastian MacKnockiter
Y-find,73255,Feodor Carvill
Tres-Zap,99081,Tommie Grieg
Cookley,98210,Burr O'Kynsillaghe
Cardify,30053,Amitie Sarfas
Opela,15710,Purcell McNally
Stringtough,59241,Mayer Clohissy
Zaam-Dox,59499,Zora Wimbridge
Domainer,90566,Hilary Matula
Tempsoft,81746,Marquita Willcox
Viva,79352,Xylina Serck
Fix San,81505,Puff Claypole
Fixflex,63236,Frieda Hyne
Sub-Ex,20903,Luke Whacket
Span,95188,Doy Posthill
Y-find,12730,Paloma Abrahamovitz
Tresom,10786,Cly Ovesen
Konklux,23978,Kevyn Oxton
Gembucket,35186,Florry Daingerfield
Flowdesk,28450,Jasmina Grahamslaw
Overhold,61052,Kendre Yukhnini
Greenlam,19409,Sheryl Cossentine
Job,45352,Antonius Allinson
Voltsillam,84356,Gunther Mash
Job,24299,Gage Crich
Fintone,60702,Arlan Godmar
Viva,39875,Maighdiln Regina
Zamit,41925,Beret Peaurt
Duobam,60619,Barby Reihm
Fintone,32994,Petr Filyaev
Stim,71268,Harli Redsell
Subin,94980,Efren Baudacci
Asoka,83981,Maggi Rowthorn
Konklab,59184,Nari Kline
Wrapsafe,65523,Elvera Sherebrook
Job,27168,Morly Cains
Flowdesk,46298,Will Gotobed
Rank,15876,Karilynn Jervis
Bitchip,78812,Meris Corcoran
Asoka,14519,Vivien MacNaughton
Tampflex,16412,Lexie Cosby
Regrant,19050,Horatia Kerfod
Gembucket,51438,Corliss Crick
Rank,39238,Chelsae Chaffer
Regrant,64339,Sandor Setford
Kanlam,38736,Gusty Copeland
Holdlamis,95516,Lynn Holbie
Redhold,23723,Teena Crosfield
Bitchip,80382,Netty De Roos
Biodex,72661,Kiley Midgely
Opela,34249,Vite Moulsdall
Latlux,51294,Corabella Winnett
Biodex,65545,Torre Parmeter
Konklab,95075,Viki Logie
Aerified,63208,Yance Hayer
Domainer,98479,Martguerita Verdie
Mat Lam Tam,71423,Ervin McRavey
Home Ing,78160,Noland Ast
Asoka,10390,Adria Matten
Viva,37568,Fianna Fike
Flowdesk,63402,Tracee Blaney
Voyatouch,29923,Sharyl Fresson
Flowdesk,50720,Brewster Andres
Bigtax,30480,Jeromy Scutter
Zoolab,38791,Brody Tarrier
Fintone,27908,Florie Sepey
Transcof,57902,Ebeneser Mortell
Stim,59291,Cristen Barnsley
Zaam-Dox,59779,Aile Cumes
Stringtough,74137,Kenton Freiburger
Cardify,34232,Charo Barbrick
Pannier,67804,Deni Berriman
Kanlam,18415,Mathian Grog
Cookley,27899,Kacy Penwell
Gembucket,37987,Morse Sisley
Tampflex,83849,Cristian Chidler
Lotlux,81586,Selia Collings
Rank,78543,Axel Raoul
Aerified,49804,Kimbell Redmond
Stringtough,20004,Marika Jencey
Wrapsafe,23076,Quintina Gagie
Fixflex,26986,Papageno de Castelain
Y-find,17764,Kellia Collabine
Alphazap,44417,Pansie Aronstein
Zaam-Dox,49146,Manya Shortell
Voyatouch,77810,Sebastian Gammon
Y-Solowarm,15854,Spencer Heale
Fintone,77230,Charissa Liverseege
Zoolab,68602,Albertina Croall
Stronghold,84724,Levey Holliar
Prodder,23320,Adina Breitling
Cardguard,10817,Alix Indge
Konklux,36017,Rowland Vasyutochkin
Y-find,39379,Ingunna Pleven
Cardify,75820,Valeria Grabban
Gembucket,46846,Rhona Eliesco
Zoolab,54392,Johan Verrechia
Asoka,65325,Edwina Brunn
Zaam-Dox,21481,Marcille Mattia
Konklab,73925,Sheilakathryn McCuthais
Sonair,97664,Baily Baiss
Asoka,80442,Juliana Wilce
Zathin,68575,Leia Armfirld
Solarbreeze,60059,Elmira Warbrick
Trippledex,31766,Richmound Fowgies
Holdlamis,98179,Geralda Kless
Sonsing,31481,Hodge Gisburn
Zontrax,20320,Alistair Meaddowcroft
Mat Lam Tam,98372,Carver Yaknov
Cookley,32272,Herve Trevithick
Stim,32819,Giorgia Hamblin
Voyatouch,31480,Cosetta Penn
Solarbreeze,32333,Ruddy Muro
Tresom,19256,Cornie Bromilow
Greenlam,99107,Joseph Rikard
Mat Lam Tam,32485,Aigneis Richfield
Flexidy,58299,Ervin Ugo
Bitwolf,34357,Genvieve Tulloch
Stringtough,98247,Trenton Vooght
Stim,44378,Milena Tiffany
Cardguard,85021,Dougy Maine
Lotlux,21804,Greer Bice
Bytecard,78613,Pattie Setch
Sonair,40239,Maye Shawl
Konklab,39656,Emmy Simeons
Overhold,81326,Kiley Rudeforth
Viva,21293,Nevin Thomas
Holdlamis,87044,Ashely Noddings
Asoka,94526,Ced Orchart
Span,55039,Ruby Bothams
Aerified,10213,Jannelle Overshott
Gembucket,99273,Douglas Upex
Quo Lux,64176,Mariette Sparshott
Ronstring,19890,Shell Rathborne
Ventosanzap,22253,Flory Christophe
Lotstring,69497,Odella Durie
Pannier,51990,Luella Littlefield
Toughjoyfax,33997,Viole Southan
Bitwolf,60815,Faunie Dovermann
Biodex,27719,Kahaleel Fiorentino
Tresom,46008,Paolina Crosswaite
Latlux,15457,Glenine Missen
Sub-Ex,46440,Amy Fold
Kanlam,52301,Etty Caldes
Quo Lux,53379,Keriann Jeffries
Namfix,76520,Hube Pilsbury
Pannier,74895,Dillon Trevain
Voltsillam,12383,Layne Simkovitz
Lotstring,84170,Miltie Hilbourne
Fintone,18684,Shannah Badsworth
Temp,68371,Cortney Bentham
Aerified,19977,Mitzi Di Domenico
Alpha,47436,Lucilia Wrixon
Bitwolf,91963,Tori MacParlan
Overhold,45975,Siana Gaitone
Treeflex,83382,Ruthie Toft
Konklux,72850,Aubrette Synder
Aerified,70391,Wake McAsgill
Overhold,20049,Millard Cohane
Pannier,24554,Orelle Deyes
Subin,89856,Aurelie Krol
Quo Lux,35449,Barry Raw
Tin,62264,Beckie Poulsen
Home Ing,42305,Giacinta Nudds
Tampflex,79527,Arch Fearenside
Sub-Ex,49149,Sheffield Andrich
Voyatouch,24647,Gerry Gotmann
Bitchip,28429,Ailina Dunnett
Tempsoft,64109,Hagan Amos
Veribet,24170,Carina Deeney
Sub-Ex,45287,Rici Brotherwood
Zontrax,17817,Caressa Boylund
Konklux,50270,Elicia Flint
Viva,67643,Raynell Boxe
Home Ing,80170,Renie Seeking
Zontrax,30492,Evangelina Blinder
Fixflex,76099,Abba Caudray
Overhold,18068,Suzann Graveney
Tres-Zap,73020,Bank Ludlom
Wrapsafe,66148,Spenser Jaquin
Fix San,55887,Andy Allawy
Viva,70506,Vevay Huskinson
Sub-Ex,22307,Gabrielle Liverseege
Bitwolf,96071,Gillan Gyrgorcewicx
Overhold,97623,Eva Sirrell
Matsoft,77370,Janella Ware
Quo Lux,47067,Drona Kelmere
Namfix,31609,Arlette Nickless
Treeflex,17862,Vivyan Pauer
Cardguard,20280,Ashlee Ferencz
Veribet,63544,Betti Gallard
Vagram,59536,Beckie Poat
Flowdesk,65678,Reinaldo Gosselin
Ronstring,56938,Marrilee Guidini
Daltfresh,96891,Dermot Fance
Span,46856,Lianne Aleksandrev
Tempsoft,57374,Bette Verdy
Regrant,23542,Cedric Eustanch
Zoolab,46558,Merrel Drust
Lotstring,89029,Marlon Dymidowicz
Domainer,42293,Candy Lace
Kanlam,53790,Merell Pappi
Rank,81792,Carey Cradey
Gembucket,23563,Chlo Bransby
Matsoft,24048,Stephine Abbado
Opela,98371,Delora Werrit
Wrapsafe,78754,Curr Dumigan
Tres-Zap,89224,Willis Youens
Bitwolf,65845,Jelene Addison
Tres-Zap,23530,Ajay Colbridge
Biodex,47532,Shoshana McGurk
Cookley,99232,Ferdie Crocumbe
Mat Lam Tam,36444,Nickie Domm
Temp,65949,Herc Stivers
Andalax,15134,Annabal Suggett
Ronstring,16063,Yul Islip
Fintone,50165,Lou Draisey
Lotlux,19832,Cornelle Kaszper
Tampflex,14706,Bealle Riggott
Tampflex,14408,Ginnifer Cuer
Greenlam,66739,Birk Reinbach
Sub-Ex,64064,Sandy Scandred
Stim,75134,Raleigh Akers
Cardguard,79237,Merlina Attarge
Bytecard,97063,Tabina Pea
Flowdesk,11588,Tobin Hamerton
Veribet,38094,Mose Veart
Cookley,60231,Ossie Calder
Y-find,30195,Cheslie Aubin
Voyatouch,48443,Rogers Lacky
Otcom,79956,Biddy Ramsby
Keylex,77575,Merrielle Davidovitch
Job,72576,Patty Bicknell
Sonair,73504,Tamqrah Custard
Fix San,33556,Jemimah Piwall
Cardify,80730,Querida Keeping
Flowdesk,18235,Cyrillus Kuhl
Duobam,47577,Shanie MacNeish
Stim,94314,Joshua Gyrgorwicx
Treeflex,98677,Roslyn Worthy
Regrant,32342,Oby Volant
Home Ing,69345,Vinni Scarre
Voyatouch,73034,Monroe Winn
Subin,69140,Pansy Whimpenny
Tempsoft,54064,Alexis Carverhill
Zontrax,76496,Kristo Purslow
Bitchip,94015,Joella Inglish
Stringtough,34678,Bertie Yukhnov
Opela,93156,Hew Francey
Stringtough,66414,Meghann Tousey
Keylex,25452,Mercedes Roycroft
Holdlamis,30440,Johannah Vaillant
Zathin,73234,Silvio Eleshenar
Redhold,61795,Sybila Blucher
Prodder,43060,Shanie Endle
Trippledex,74997,Tanya Caulier
Konklux,71672,Dalton Gamble
Namfix,34887,Alys Rourke
Bigtax,80230,Benni Mc Carroll
Fix San,40708,Claudius Baselli
Konklab,25155,Ora Fidilis
Voltsillam,86900,Hillel Tapply
Toughjoyfax,25100,Brittne Fatkin
Bitchip,68584,Wilhelmina Hurton
Bitwolf,55499,Mortimer Straneo
Sub-Ex,69499,Valle Winspar
Fix San,80800,Annice Merrien
Redhold,59037,Barbee Broadway
Tampflex,88239,Bevan McCumskay
Tampflex,99969,Nicholle Vuitton
Prodder,51528,Rachael Engelbrecht
Subin,83288,Andrea Beaudry
Aerified,10209,Fred Jencey
Job,64032,Ryan Olerenshaw
Regrant,45301,Waylon Bradick
Bytecard,83292,Troy Fettis
Vagram,77511,Maurizia Prime
Daltfresh,56465,Hermie Bartrap
Domainer,81488,Sterne Agirre
Gembucket,48123,Ewan Burdge
Lotstring,74627,Ansell Rapport
Lotlux,22833,Conrado Rabbitts
Voyatouch,79729,Leola Elstow
Veribet,97102,Kendal Hassan
Daltfresh,20266,Ardith Domek
Zoolab,42737,Giacobo Meriot
Sub-Ex,50228,Tedra Cossar
Duobam,59859,Cal Bladge
Stringtough,68596,Ugo Malyon
Biodex,96382,Moshe Bloom
Rank,33444,Emmett Dillinger
Regrant,12320,Brendis Brissenden
Temp,81909,Vitoria Kinzel
Cookley,93766,Deni Curm
Home Ing,97159,Constantino Hawick
Home Ing,36739,Vallie Winchester
Wrapsafe,41220,Dody Emmatt
Trippledex,89115,Guthrey Dudden
Tin,60749,Tally McLurg
Bytecard,31611,Averil Probbings
Gembucket,26132,Constantina Yakhin
Domainer,14340,Phedra Wythill
Y-Solowarm,36335,Chickie Stockall
Holdlamis,14171,Morrie Billson
Rank,55471,Fields Tours
Veribet,82530,Emilie Draude
Alpha,20502,Ly Grigorian
Transcof,35608,Lilyan Calam
Konklab,35598,Starr Bresnahan
Domainer,37771,Titos Gianni
Konklab,26501,Marilyn Jirusek
Greenlam,22798,Lenette Littley
Viva,84856,Tammie Ismirnioglou
Zoolab,81888,Martie Merchant
Bamity,11993,Cindra Tarborn
Zaam-Dox,30351,Jaynell Boggas
Y-find,64861,Marlie Purkiss
It,65608,Barnie Anthonies
Tres-Zap,97313,Pattin McWhannel
Fintone,16604,Gelya Kyllford
Voyatouch,92993,Nap Allport
Bytecard,37610,Erskine Hamblington
Bigtax,37195,Ferdinande Brightie
Y-Solowarm,58674,Catherina Boldison
Konklab,42810,Shanan Kennan
Lotlux,34590,Fayth Malmar
Home Ing,40850,Sharity Mantione
Cardify,98278,Drucy Eginton
Keylex,93659,Lennard Sandwick
Voltsillam,41043,Calida Roxbee
Zaam-Dox,90628,Tammy Consadine
Flowdesk,62616,Ainslee Heningham
Toughjoyfax,78474,Rafaelia Ansell
Transcof,56653,Blair Brimblecomb
Solarbreeze,55787,Gert Feilden
Gembucket,96389,Arni Ferres
Vagram,50951,Reuven Capelle
Otcom,30546,Dael Eddow
Viva,53296,Redd Izac
Domainer,42800,Thorn Crossfeld
Hatity,50008,Charity Manifould
Konklux,38059,Sansone Barwell
Zathin,79329,Sheeree Sisselot
Zontrax,25423,Kyle Markussen
Domainer,54156,Marlee Leather
Bigtax,30316,Ursulina Castane
Alphazap,95067,Kent Trusty
Zontrax,46205,Maisie Bondar
Bigtax,46401,Reggis Meneo
It,81984,Kat Binne
Latlux,12592,Kalli Gaynor
Wrapsafe,29684,Farrand Balnave
Hatity,33356,Agosto Moring
Konklux,47515,Rosanne Spracklin
Sonsing,74412,Tallie Rey
Otcom,89825,Reinald Klass
Andalax,33819,Betteann Bratt
Voltsillam,36494,Derward Dabel
Aerified,73737,Osmund Goaley
Vagram,57033,Marchall Breston
Rank,24224,Janine Lippitt
Temp,96961,Odell Milburne
Fixflex,51906,Anthia Walsh
Tempsoft,11651,Shayla Hargreves
Transcof,31962,Hort Skeen
Fintone,79607,Addy Ellse
Zaam-Dox,32185,Del Riddett
Bamity,47390,Sydney Lainge
Job,81170,Brandi Goodhand
Lotstring,67246,Hyacinth Kells
It,42894,Aila Vaz
Tres-Zap,60192,Leeland Howman
Andalax,81319,Austina Waddingham
Sub-Ex,90261,Coletta Chatres
Pannier,67367,Mohandis Woollcott
Lotstring,27790,Grant Readmire
Fintone,83824,Wynn Hirtzmann
Tres-Zap,73408,Gene Amburgy
Prodder,42003,Janeczka Scarlon
Opela,19256,Karilynn Hoofe
Bytecard,81487,Poul Patience
Home Ing,63492,Maire Orred
Veribet,17145,Debbie Scorthorne
Flowdesk,19459,Rebecca Tocknell
Viva,12376,August Springtorp
Redhold,35506,Marianna McGeechan
Tempsoft,13266,Whitney Blampied
Zontrax,31088,Janet Cane
Aerified,51701,Matteo Silvester
Subin,77385,Dennis Goslin
Subin,23868,Burch Rosendale
Treeflex,12464,Frasier Allright
Alpha,56217,Sterling Yeomans
Alphazap,83547,Aaren Deering
Fix San,88645,Franni Lunt
Bitwolf,97487,Tracy Farington
Tres-Zap,19748,Breena Mc Faul
Voyatouch,30414,Pablo Duffit
Trippledex,73342,Sonnnie Gooda
Aerified,40496,Almire Pea
Viva,71358,Dedra Acarson
Zamit,39765,Mirabella Orfeur
Opela,34185,Shandra Gliddon
Namfix,84539,Trev Fretter
Duobam,49269,Barrie Tennewell
Vagram,84542,Nefen Oliphant
Asoka,41587,Vassili Blinde
Veribet,62197,Matthiew Wadlow
Bitchip,44860,Leese Denisot
Andalax,24510,Gallagher Grigoli
Subin,55930,Allegra Blazejewski
Otcom,46625,Sophie Ullrich
Fixflex,57286,Dehlia Heugel
Wrapsafe,18928,Suellen Edelston
Tresom,81048,Karlis McMullen
Temp,73840,Rafi Saltman
Stringtough,47047,Willyt Merfin
Latlux,39095,Vassili Tocque
Greenlam,88579,Edita Osbiston
Andalax,52941,Coriss Mantrup
Konklux,29830,Valene Redwall
Vagram,39711,Tessie Cheston
Alphazap,80192,Allyn Mc Meekan
Fixflex,44078,Christian Milburne
Tres-Zap,59505,Nolana Boothby
Aerified,41938,Findlay Gehrts
Konklab,63148,Tobi Vellacott
Span,10934,Maxi Arents
Lotstring,48460,Jewelle Grinin
Wrapsafe,31900,Bunnie Sellers
Cardify,99148,Winnifred Brason
Fintone,79343,Salli Spykings
Trippledex,61577,Phaedra Fright
Greenlam,14346,Maire Foster
Biodex,36720,Tiphani Whilde
Cardguard,80103,Tedman Kindley
Stim,49518,Kristien Demougeot
Regrant,39115,Cirilo Loughrey
Keylex,87239,Marcia Keuntje
Cookley,35866,Gert Pethick
Alpha,83411,Gaylord Soppitt
Alpha,59983,Claudio Toft
Cardguard,90685,Brenden Hickford
Tresom,71501,Pierce Morican
Cardguard,70258,Alexis Kobel
Quo Lux,47848,Agustin Philippe
Bigtax,17734,Rheta Tebald
Bitchip,79563,Donal Verheyden
Keylex,44192,Emalee Duffer
Zontrax,54325,Reggis Remmer
Zamit,13953,Gibb Fust
Trippledex,72992,Nicoline Walkling
Gembucket,37364,Rosmunda Brockwell
Voltsillam,98802,Karoline Joly
Tresom,56761,Flss Cudd
Alpha,94203,Oralia Francello
Flowdesk,74292,Raychel Dace
Vagram,96197,Edita Ostrich
Asoka,34869,Allix Bhar
Alphazap,55441,Saunders Pestor
Otcom,12255,Floyd Baglin
Alpha,71829,Langston Wernham
Redhold,55533,Prince Blacklawe
Y-Solowarm,92437,Davey MacNeillie
Rank,52362,Lorilee Pear
Duobam,60027,Helen Crowley
Sub-Ex,74314,Christopher Pepperd
Lotlux,80769,Freda Braham
Y-Solowarm,73081,Dorothy Breazeall
Daltfresh,60421,Wes Najara
Y-Solowarm,23470,Kermie Ivins
Treeflex,60474,Hersh MacKibbon
Bitchip,68305,Delmar MacIan
Konklab,30241,Stace Brockwell
Domainer,45426,Robena Grigsby
Tempsoft,70007,Urban Winny
Lotlux,88424,Crista Edgeon
Pannier,45224,Ichabod Greggersen
Redhold,27302,Marcelia Werner
Y-Solowarm,30493,Anselm Stovin
Namfix,73185,Dayle Sapena
Sub-Ex,65911,Bradford Skiggs
Andalax,87094,Mathew August
Solarbreeze,13173,Tuck Paulo
Mat Lam Tam,40849,Olwen Chappel
Sub-Ex,83633,Mauricio Nother
Vagram,37891,Cam Sebyer
Biodex,49612,Rudolf Nitto
Domainer,82781,Genovera Grainger
Holdlamis,87032,Debbi Hawkshaw
Tresom,67297,Magdalena Coggings
Treeflex,60541,Ashley Learie
Cookley,97868,Ly Farn
Ventosanzap,27720,Ardra Swan
Duobam,22547,Kim Dyzart
It,15775,Enrico Roblett
Daltfresh,36935,Kippie Pauley
Viva,92544,Val Baseley
It,29667,Berk Gusticke
Lotlux,78227,Neil Baignard
Overhold,35189,Verina Dyerson
Ronstring,14138,Guy Death
Zaam-Dox,39500,Caddric MacDonough
Bigtax,52880,Stephen Pingstone
Greenlam,98073,Piotr O'Canavan
Quo Lux,73749,Milli Wilcocke
Ronstring,84646,Cory Rohmer
Holdlamis,74304,George Ellacott
Namfix,95301,Sheelagh Raw
Pannier,11378,Beatrisa Blaymires
Tres-Zap,29699,Giraldo Alibone
Holdlamis,16364,Pegeen Colloby
Aerified,64657,Garald Cecil
Stringtough,76904,Marla Kunes
Flexidy,51321,Quent Ferretti
Wrapsafe,78914,Paige Luggar
Solarbreeze,45212,Priscella Cosstick
Bamity,46223,Layne Wedmore
Andalax,94068,Fae Ounsworth
Stim,93722,Cornela Williscroft
Overhold,94795,Orelle Carnalan
Alphazap,32969,Valentine Pordall
Opela,85255,Iosep Kinze
Bitwolf,72968,Augustina Askam
Greenlam,76808,Glenda Dilnot
Vagram,94475,Ikey Feye
Opela,93124,Jannelle Piaggia
Zathin,88525,Ailis Loton
Otcom,22832,Michelina Wynch
Domainer,20904,Melvyn Adey
Hatity,94466,Marena Ellerker
Holdlamis,93957,Revkah Butterfill
Home Ing,85468,Dorolisa Stutard
Cardguard,76508,Paulita Abramov
Gembucket,41395,Thomasine Alenov
Konklab,66536,Casper Kells
Otcom,83873,Marylin Monteath
Sonair,29383,Anthiathia Inglesent
Tresom,98930,Ilyssa Boner
Flexidy,18352,Nat Horning
Fix San,87054,Mandie Braunle
Sub-Ex,58956,Daniela Longworth
Temp,90104,Franz Puig
Overhold,81149,Roderich Milam
Daltfresh,73309,Ewart Laval
Veribet,16905,Inez Stonebridge
Gembucket,55941,Kaia Skinley
Subin,15869,Christen Petrusch
Quo Lux,10097,Lilah Whistance
Tresom,98598,Ezequiel Brunelli
Sonair,59589,Zacharie McGinny
Mat Lam Tam,44110,Patsy Morten
Home Ing,55382,Carley Lay
Flexidy,29240,Kurtis Story
Y-find,37034,Idalia Antoniou
Tampflex,30142,Cullen Jeandillou
Pannier,32633,Jori Bilbery
Bigtax,72852,Misti Pestor
Duobam,79185,Phaidra Kyne
Bitchip,69323,Dean Willcock
Y-Solowarm,25041,Mel Gamell
Daltfresh,98609,Ariela Bartalini
Andalax,61980,Ronalda Beardsworth
Sonair,57644,Bradly Kubach
Zathin,44176,Gerri Vaughan-Hughes
Greenlam,19656,Sergei Martineau
Redhold,89990,Gerik Dodshon
Y-find,35968,Kaile Bauman
Sub-Ex,47008,Clemens Conre
Regrant,59747,Homer Beden
Sonair,38461,Koren Briscam
Home Ing,48466,Bamby Redford
Andalax,78502,Kevin Pester
Vagram,56756,Sonnie Ilive
Flowdesk,17136,Ansel Coburn
Treeflex,54523,Tabb Cocci
Regrant,64702,Sybilla Greder
Viva,18803,Jonas Darbon
Flowdesk,31177,Kayley Rosenhaupt
Wrapsafe,87570,Xenia Lowres
Flowdesk,16167,Edwin Grzesiewicz
Tin,31271,Juieta Wollrauch
Span,80705,Amos Pringley
Y-find,15658,Jacinda Menpes
Pannier,36875,Mordy Ecclestone
Transcof,30966,Seamus Studholme
Cookley,23931,Catina Hinsche
Regrant,81756,Pauly Wink
Latlux,86822,Christabella Archard
Subin,35858,Kris Prudham
Aerified,20619,Celestyna Andreix
Kanlam,17748,Jerald Barfford
Trippledex,58793,Colas Rowlstone
Wrapsafe,42296,Andriette Duigan
Redhold,50104,Kizzee Djekovic
Bitwolf,75272,Yulma Hawk
Ventosanzap,52052,Lorenzo Purkess
Domainer,35912,Amaleta Bakesef
Daltfresh,39161,Pen Harbisher
Otcom,79807,Janek Twist
Flexidy,42327,Misha Heinz
Zathin,17425,Cornie Spurryer
Solarbreeze,68281,Dodi Fritschmann
Span,50901,Iolande Lasseter
Alphazap,62063,Binny Reeks
Job,23412,Guthrey Babbe
Trippledex,69498,Clarence Rebanks
Subin,48144,Maure Sangster
Mat Lam Tam,33991,Hunter Woakes
Veribet,19638,Luigi Coare
Mat Lam Tam,48069,Anissa Masey
Cookley,77715,Mathew Wicks
Latlux,58196,Alfie Nail
Bitwolf,17424,Teddie Marr
Toughjoyfax,41910,Elsa Murname
Solarbreeze,83913,Jacqueline Vittet
Greenlam,84474,Mable O'Giany
Asoka,43415,Daryle Raselles
Bitchip,58033,Tomi Besemer
Vagram,22022,Erie Draye
Tin,44322,Fernanda Stennine
Duobam,91668,Bert Dansie
Ronstring,62076,Shayna Tandy
Subin,76175,Olav Nickels
Matsoft,16121,Donelle Brouwer
Domainer,49556,Morley Geibel
Y-find,13090,Evvy Garstan
Bigtax,13567,Christos Galpin
Greenlam,62795,Gottfried Tuxill
Zamit,57971,Dalt Bertram
Konklab,98566,Ingaborg Sinncock
Namfix,83366,Hill Pauwel
Konklab,36073,Freda Raddan
Namfix,55869,Jessey Greggs
Ronstring,50666,Barri Machent
Aerified,33338,Cristine Royan
Matsoft,98244,Gasparo Wissbey
Matsoft,84729,Rolando Vinter
Lotlux,82619,Vevay MacKaile
Treeflex,72499,Oates Bidgod
Flexidy,75855,Lisha Kerfut
Greenlam,55963,Ford Rudland
Fintone,53561,Ignaz Halle
Viva,10352,Odelinda Fairholm
Viva,27489,Sabina Rihanek
Fix San,18007,Cristin Oldnall
Treeflex,21391,Hilton Adlington
Tampflex,25019,Gusti Buchanan
It,11824,Eadith Boraston
Ronstring,89411,Cullen Phalip
Asoka,64776,Klaus Galliard
Sub-Ex,10293,Gilberte Lindl
Andalax,21711,Dannye Bywaters
Rank,98001,Sid Feavyour
Ventosanzap,58751,Danie Metrick
Alphazap,97764,Natalie Thouless
Gembucket,68235,Gradeigh Claus
Solarbreeze,97507,Dunstan Vautre
Domainer,59432,Chane Barme
Gembucket,80825,Roma Catchpole
Sub-Ex,23071,Gay Morecomb
Voltsillam,71780,Merry Burnell
Tin,81920,Kelvin Willowby
Cardguard,95378,Claresta Tudge
Latlux,47124,Rozanne Petrik
Fixflex,76387,Jeanette Kenna
Alpha,20269,Layney Spight
Span,25867,Creighton Bennoe
Solarbreeze,73301,Garland Swan
Keylex,15468,Claire Fraczak
Temp,28133,Dolley Morison
Voltsillam,99776,Corbett Franzetti
Opela,53550,Chrissie Drew-Clifton
Y-Solowarm,70257,Gail Wathall
Tres-Zap,28381,Kit McElane
Veribet,45535,Brod MacCombe
Zaam-Dox,51772,Ernest Hundall
Holdlamis,76533,Henrie Knowlson
Quo Lux,80343,Tammi Dumphrey
Quo Lux,76241,Arlen Hairsine
Pannier,74105,Berny Laise
Fintone,77862,Kippy Timoney
Matsoft,72254,Damara Raye
Konklab,31975,Alvie Godbold
Cardify,85186,Baillie Caughan
Bitwolf,19737,Lelia Gabbett
Andalax,80159,Gardiner Blesli
Y-Solowarm,92842,Nollie Heynen
Bytecard,37327,Leontyne Cardus
Home Ing,58739,Aurore Pollington
Sub-Ex,86653,Beck Deeks
Stringtough,69581,Josias Schrinel
Vagram,63298,May Piell
Tres-Zap,93496,Elnar Bolesma
Fintone,95714,Damian Thumnel
Mat Lam Tam,81777,Dyanna Tann
Ventosanzap,51965,Amandie Hopkynson
Opela,55446,Josh Titterington
Gembucket,42939,Arvin Mahaddie
Andalax,33753,Marci Fay
Y-find,79546,Delainey Snozzwell
Toughjoyfax,41914,Tate Godbert
Home Ing,28279,Gonzales Dogg
Stringtough,64993,Barbaraanne McGeouch
Keylex,14280,Kimberlyn Spurdon
Asoka,86678,Orsa Kingscott
Opela,59412,Had Bownas
Temp,24654,Port Farey
Andalax,99560,Lenka Woolger
Tampflex,34394,Gustie Killbey
Bitwolf,84306,Lucila Andor
Konklux,24658,Jen Pechacek
Domainer,12689,Regen Jakuszewski
Veribet,40651,Netti Radband
Pannier,77598,Britt Castletine
It,21473,Ugo Brockley
Cookley,13361,Lester Griss
Gembucket,58591,Kippie Tuohy
Fixflex,65349,Caresse Avent
Sonsing,99718,Eugenia Gunthorp
Trippledex,43014,Aurore Couvet
Latlux,79025,Ermanno Chasney
Prodder,96616,Lyndel Meneer
Voltsillam,22619,Carter Pound
Tampflex,89844,Jone Aspinall
Job,60662,Janel Piletic
Zathin,76969,Wynnie Hovee
Trippledex,59464,Karlyn Rucklesse
Alphazap,55413,Tamara Addionizio
Holdlamis,23521,Tootsie Preble
Matsoft,39098,Heather Guyan
Fintone,31186,Cully Dunmuir
Sonair,36153,Ema Rangell
Cardify,23586,Bibi Juschka
Holdlamis,76116,Cherri Whatson
Tin,15982,Clarita Labbe
Alpha,87534,Elmo McInnery
Quo Lux,92477,Hartwell Chellam
Zamit,93123,Denys Geard
Trippledex,23711,Engracia Merrgen
Lotlux,80324,Willy Gyrgorwicx
Keylex,65766,Adrian Agett
Alpha,62849,Carolynn Davidson
Alphazap,46219,Reinwald Forde
Stringtough,16617,Oby Brookes
Konklux,92834,Herschel Chaffe
Voyatouch,37726,Agosto Spada
Stronghold,52437,Sherwynd Benois
Zoolab,86599,Lyndsay Jime
Keylex,99933,Rae Cloake
Ventosanzap,11197,Emmi Polet
Viva,68350,Gennie Krzyzanowski
Gembucket,88078,Pembroke Odde
Domainer,70384,Johnnie Misselbrook
Treeflex,55025,Jacinta Newton
Quo Lux,57859,Claribel Nekrews
Zamit,42913,Danielle Demicoli
Voyatouch,95452,Tess Ludgrove
Zontrax,82361,Raffarty Szymoni
Lotlux,26074,Lukas Turbern
Regrant,89969,Powell Brainsby
Fix San,78749,Nicko Askell
Hatity,35736,Deina Scalia
Job,13457,Garvin Lowseley
Konklab,33263,Gasparo Rivalland
Home Ing,73165,Dav Escoffier
Fixflex,72515,Callie Hebner
Regrant,71506,Almira Cootes
Y-Solowarm,80570,Enrica Iashvili
Trippledex,50110,Ariel Mattingly
Tresom,48899,Gavan Prattington
Home Ing,85711,Cookie Nel
Temp,38522,Iorgos Washtell
Cardify,94201,Eldon Yearne
Stringtough,59999,Hazlett Robion
Sub-Ex,31315,Tamar Akid
Lotlux,67279,Raul Greiswood
Bytecard,38468,Hal Merrilees
Stronghold,47869,Bili Mariette
Latlux,61714,Erika Ranahan
Voyatouch,56314,Modestine Sleeny
Redhold,40537,Norean Torbeck
Veribet,50083,Whit Garthshore
Tres-Zap,60237,Yvette Rhys
Otcom,49818,Leticia Jaegar
Namfix,18385,Vaughn Morsey
Gembucket,26011,Hinda McCritichie
Overhold,40674,Alexis Gligoraci
Fixflex,75888,Johnnie Jonuzi
Alphazap,54470,Austen Crocetto
Opela,96548,Felice Tegeller
Alpha,49812,Jacinta Seymark
Span,21132,Dylan Philippeaux
Veribet,72812,Doy Alcott
Biodex,28035,Ruprecht Hampshaw
Sonair,71801,Idaline Messent
Holdlamis,19392,Rochell McCumskay
Veribet,12812,Daniella Gallant
Zontrax,26297,Chandal Mosey
Matsoft,91485,Erin Tripett
Cookley,87965,Morgana Crane
Sub-Ex,89553,Giana Mallindine
Latlux,37733,Frankie Chatelain
Duobam,51573,Terrence Banton
Home Ing,14736,Retha Mervyn
Quo Lux,68659,Lise Spoure
Lotstring,90425,Kathrine Draycott
Subin,80457,Horatio Cogzell
Ronstring,45229,Dorothy Clare
Stronghold,58121,Eran Gumey
Sub-Ex,42348,Chane Grote
Konklux,45345,Normand Benois
Gembucket,16004,Dewain Jiruca
Alpha,64966,Agatha Solano
Stim,47807,Lynnett Shallcrass
Ventosanzap,91464,Kacy Longcake
Flexidy,32469,Glory Wipper
Cardify,75778,Christophorus Lintill
Tresom,74620,Elva Reece
Zontrax,85822,Devy Kynd
Viva,79227,Ingemar Raithmill
Alpha,67010,Lamar Local
Aerified,23560,Jacklyn Weale
Tres-Zap,64874,Jamal Radke
Treeflex,40375,Haven Lowthorpe
Sonsing,23985,Porter Blackborne
Zaam-Dox,51676,Hebert Ramard
Overhold,74776,Kelley Warlton
Zamit,41879,Hirsch Aizkovitch
Wrapsafe,69038,Noni Farland
Domainer,26275,Audrie Bucky
Alpha,25677,Laetitia Granleese
Tempsoft,77520,Pansy Bulger
Alpha,66433,Inness Chennells
Mat Lam Tam,97561,Rochelle MacGoun
Stronghold,78971,Brietta Baudasso
Flexidy,86900,Demetria Urien
Overhold,90352,Gifford Gleave
Tempsoft,76048,Rahal Krugmann
Cardguard,22593,Hogan Vasechkin
Alpha,52690,Lia Seabourne
Latlux,64728,Joleen McGlade
Rank,34010,Constantina Cradick
Zamit,76398,Benjy Janousek
Flexidy,78237,Viki Tomkin
Prodder,44400,Katinka Dukelow
Sonsing,56211,Elene Proom
Home Ing,61140,Alaric Kemmish
Rank,57239,Ericka Sheffield
Konklux,25344,Grant Triplow
Namfix,74654,Dewey Arnison
Home Ing,22251,Adiana Bees
Mat Lam Tam,14612,Vanya Oxby
Konklab,49816,Pattie Kendell
Zontrax,38354,Eberhard Corbet
Zoolab,31771,Gunar Petrushkevich
Aerified,41909,Ruprecht Downie
Pannier,33262,Clarance Josefs
Biodex,90485,Nathan Casa
Zamit,63217,Trevar Rispen
Viva,38941,Karim Honsch
Andalax,24219,Nollie Bleiman
Fixflex,15928,Quinlan Tompkiss
Lotlux,40429,Wolfgang Murrigans
Cardguard,74472,Carlyle Bannester
Sub-Ex,73703,Heidie Billyard
Stim,21046,Sigfrid Cowser
Fix San,90281,Lucius Mellows
Alphazap,42910,Sayre Le Fevre
Lotstring,95732,Remy Tales
Y-find,10963,Nathanial Bannester
Latlux,92921,Taddeusz Grigg
Stringtough,19757,Lou Taylot
Fintone,74547,Rosabel Raithbie
Asoka,37988,Suzanna Jarmain
Fix San,67202,Lindon Wane
Vagram,97455,Tiffany Braham
Lotstring,91313,Karen Scraney
Fix San,57533,Mandy Libreros
Treeflex,76941,Roxie Marmion
Holdlamis,92805,Kiri Stilldale
Konklux,97791,Ber Rodolfi
Latlux,65861,Tanya Lomas
Otcom,69909,Gussi Dionisii
Voltsillam,51477,Hernando Grenville
Cardify,23115,Ivonne Stelli
Y-find,54187,Imogen Doyley
Stringtough,82472,Cele Besnardeau
Greenlam,27037,Tracie Klementz
Fix San,42911,Sebastian Schultes
Bitwolf,17338,Ania Hatherleigh
Konklux,78882,Claus Brunning
Zoolab,48734,Andra O'Glessane
Regrant,38519,Bernita Allington
Temp,37386,Toby Granleese
Overhold,11891,Red Plaister
Kanlam,82285,Keelia Westrope
Konklux,22146,Eldredge Palphramand
Zoolab,45359,Stepha Tunn
Alphazap,78353,Archer Samweyes
Greenlam,84592,Gabriele Ludwikiewicz
Latlux,54423,Christoforo Hallwell
Treeflex,46471,Ely Quenby
Vagram,17306,Vickie McSkeagan
Flowdesk,70562,Caresa Shortall
Lotstring,89025,Gladi Tumilson
Sonsing,20921,Lennard Swift
Keylex,52941,Arvy Grint
Job,72975,Renato Keems
Zamit,98419,Sibelle Chilcotte
Transcof,15840,Callida Philipsen
Konklab,30242,Aaron Aysik
Alpha,36696,Patty Howell
Cardify,41802,Una Radnedge
Zamit,50450,Northrop Meuse
Overhold,33688,Skylar Flarity
Regrant,69642,Dre Lindsell
Viva,69748,Filmer Fishbourne
Veribet,67178,Alicea Maffezzoli
Wrapsafe,79681,Ingrim Brannan
Kanlam,79494,Mitchell Castagno
Asoka,62779,Saraann Laudham
Andalax,39131,Angel Cretney
Vagram,96383,Charline Warrener
Sub-Ex,59422,Marley Robottom
Konklab,96699,Cathee Gheeraert
Stim,98248,Isiahi Baal
Home Ing,76479,Nertie Fairbrace
Tres-Zap,79466,Talyah Hopkins
Otcom,19876,Donavon Urlin
Fixflex,47999,Teresa Nail
Tres-Zap,58580,Dannye Manes
Sonair,80202,Leonie Pettus
Zaam-Dox,45292,Job Chick
Voltsillam,70538,Mikel Heinish
Bamity,13527,Virginie Giacobbo
Zathin,88970,Arleen Taplow
Opela,44798,Ariana Vitler
Hatity,72936,Carlyn Bingham
Kanlam,84281,Edna MacWilliam
It,44269,Abrahan MacPaike
Asoka,38110,Brennan Casaccio
Opela,99659,Janifer Cavilla
Treeflex,84792,Leticia Ninnis
Hatity,65586,Addy Elphinston
Trippledex,49642,Barrie Amerighi
Zaam-Dox,27957,Suzette Struis
Overhold,80817,Kelcey Arndtsen
Hatity,39729,Wanda Latchford
Rank,89457,Ashia Fermoy
Sonair,62816,Paige Feake
Bytecard,70219,Elias Graveston
Konklab,88408,Myrah de Merida
Greenlam,58533,Heindrick Constantinou
Veribet,49083,Shae Hedditch
Y-find,70573,Valerie Rowston
Opela,45831,Stoddard MacMeekan
Regrant,30951,Cortie Domenico
Konklux,25631,Letisha Ouldred
Greenlam,86818,Jemmy Campkin
Tampflex,80997,Garrott Ellinor
Zoolab,67444,Reagen Shapiro
Asoka,24178,Flynn Hammon
Cardguard,14516,Burke Benthall
Bytecard,31994,Radcliffe Minister
Bitchip,85845,Alameda Minerdo
Zaam-Dox,61367,Jodie Richardt
Stronghold,13962,Candi Sor
Prodder,86995,Rozalin Youster
Zoolab,18481,Addison Lockitt
Solarbreeze,98276,Angeline Gilbank
Cookley,69607,Raf Rennolds
Konklab,11655,Peria Tirkin
Subin,88857,Pembroke Soper
Stim,90949,Beulah Girvan
Rank,86982,Creighton Ivashnyov
Regrant,71844,Darrell Ceaser
Domainer,67467,Reinaldo Pallaske
Cookley,32208,Pamella Firebrace
Cardify,14456,Trev Teasdale
Alphazap,57178,Dalila Meikle
Lotlux,84646,Lucila Bembrick
Hatity,78219,Archaimbaud Bennett
Y-find,29306,Leon Hanscomb
Trippledex,63837,Ania Lay
Ronstring,55174,Audre Wulfinger
Bitchip,96024,Garik Bamb
Konklux,89272,Nealy Crocetti
