411567,Wine - Chianti Classica Docg,Esta seria la descripcion del producto,32460,63832
661204,Beer - Corona,Esta seria la descripcion del producto,49714,26905
240070,Yokaline,Esta seria la descripcion del producto,24955,39171
771869,Mustard - Pommery,Esta seria la descripcion del producto,36371,59066
212647,Pan Grease,Esta seria la descripcion del producto,47492,21263
285460,Beef Ground Medium,Esta seria la descripcion del producto,47392,83963
713130,Garam Marsala,Esta seria la descripcion del producto,35922,49898
624142,Pasta - Fett Alfredo Single Serve,Esta seria la descripcion del producto,47293,26981
117791,Chocolate Eclairs,Esta seria la descripcion del producto,40476,32954
743373,Chinese Foods - Chicken Wing,Esta seria la descripcion del producto,38586,39949
131808,Ice Cream - Turtles Stick Bar,Esta seria la descripcion del producto,22484,97710
173286,Pineapple - Golden,Esta seria la descripcion del producto,44114,43749
669414,Bread - Raisin,Esta seria la descripcion del producto,26951,38694
675336,Mushroom - Shitake Dry,Esta seria la descripcion del producto,21371,73255
816137,Sauce Tomato Pouch,Esta seria la descripcion del producto,22748,99081
976626,Spice - Greek 1 Step,Esta seria la descripcion del producto,48504,98210
493959,Barramundi,Esta seria la descripcion del producto,21968,30053
485089,Trueblue - Blueberry 12x473ml,Esta seria la descripcion del producto,34048,15710
649762,Butter Balls Salted,Esta seria la descripcion del producto,31651,59241
700603,Fish - Artic Char Cold Smoked,Esta seria la descripcion del producto,45337,59499
341780,Pasta - Agnolotti - Butternut,Esta seria la descripcion del producto,39958,90566
377615,Sour Puss Sour Apple,Esta seria la descripcion del producto,41268,81746
150545,Kirsch - Schloss,Esta seria la descripcion del producto,26811,79352
551308,Turnip - White,Esta seria la descripcion del producto,35138,81505
456087,Extract - Rum,Esta seria la descripcion del producto,43289,63236
390818,Soup - Knorr,Esta seria la descripcion del producto,38617,20903
801309,Compound - Mocha,Esta seria la descripcion del producto,39062,95188
429595,Turkey Tenderloin Frozen,Esta seria la descripcion del producto,23574,12730
437472,Scampi Tail,Esta seria la descripcion del producto,44363,10786
601852,Seedlings - Clamshell,Esta seria la descripcion del producto,27391,23978
659940,Bread - Sticks,Esta seria la descripcion del producto,23443,35186
155973,Cheese - Brie Roitelet,Esta seria la descripcion del producto,24285,28450
481072,Pasta - Penne,Esta seria la descripcion del producto,27158,61052
554282,Mace Ground,Esta seria la descripcion del producto,24948,19409
891394,Rum - Light,Esta seria la descripcion del producto,20173,45352
377761,Mcgillicuddy Vanilla Schnap,Esta seria la descripcion del producto,36597,84356
374152,Jello - Assorted,Esta seria la descripcion del producto,21826,24299
467457,Beef - Outside,Esta seria la descripcion del producto,37172,60702
293868,Skewers - Bamboo,Esta seria la descripcion del producto,30079,39875
862616,Mustard - Individual Pkg,Esta seria la descripcion del producto,30780,41925
539120,Wine - Red,Esta seria la descripcion del producto,41468,60619
221874,Crab - Meat Combo,Esta seria la descripcion del producto,43513,32994
417398,Bread - Olive,Esta seria la descripcion del producto,37182,71268
844627,Pasta - Shells,Esta seria la descripcion del producto,21564,94980
991766,Tea - Lemon Scented,Esta seria la descripcion del producto,39662,83981
775604,Tea - Apple Green Tea,Esta seria la descripcion del producto,34351,59184
205957,Oil - Shortening - All - Purpose,Esta seria la descripcion del producto,38837,65523
683416,Coriander - Seed,Esta seria la descripcion del producto,42055,27168
556455,Wine - Muscadet Sur Lie,Esta seria la descripcion del producto,39528,46298
980457,Pasta - Rotini,Esta seria la descripcion del producto,42199,15876
575635,Beer - Blue Light,Esta seria la descripcion del producto,39850,78812
257970,Bread - Sour Batard,Esta seria la descripcion del producto,22407,14519
110674,Rum - Dark,Esta seria la descripcion del producto,34391,16412
550358,Pork - Loin,Esta seria la descripcion del producto,32465,19050
553733,Carbonated Water - Lemon Lime,Esta seria la descripcion del producto,31439,51438
899767,Juice - Lime,Esta seria la descripcion del producto,46372,39238
264625,Marjoram - Dried,Esta seria la descripcion del producto,26326,64339
375363,Peas - Pigeon,Esta seria la descripcion del producto,29976,38736
962660,Tofu - Soft,Esta seria la descripcion del producto,27324,95516
355528,Wine - Red Oakridge Merlot,Esta seria la descripcion del producto,21149,23723
819863,Corn Syrup,Esta seria la descripcion del producto,21246,80382
306254,Pork - Ground,Esta seria la descripcion del producto,27669,72661
584582,Ocean Spray - Ruby Red,Esta seria la descripcion del producto,29340,34249
967481,Danishes - Mini Raspberry,Esta seria la descripcion del producto,22746,51294
562921,Langers - Ruby Red Grapfruit,Esta seria la descripcion del producto,42737,65545
945985,Rice Paper,Esta seria la descripcion del producto,49051,95075
841310,Cinnamon Buns Sticky,Esta seria la descripcion del producto,22650,63208
124662,Bacardi Limon,Esta seria la descripcion del producto,24359,98479
427000,Pie Filling - Cherry,Esta seria la descripcion del producto,22377,71423
789969,Longos - Penne With Pesto,Esta seria la descripcion del producto,48768,78160
484897,Pork - Ground,Esta seria la descripcion del producto,35779,10390
596704,Chocolate Bar - Reese Pieces,Esta seria la descripcion del producto,48763,37568
516904,Pears - Bartlett,Esta seria la descripcion del producto,20654,63402
499604,Sauce - Soya,Esta seria la descripcion del producto,39620,29923
113833,Pork - Kidney,Esta seria la descripcion del producto,30801,50720
420059,Crab - Blue,Esta seria la descripcion del producto,33937,30480
352762,Turkey - Breast,Esta seria la descripcion del producto,43669,38791
655080,Wine - Cabernet Sauvignon,Esta seria la descripcion del producto,38937,27908
733149,Crab - Claws,Esta seria la descripcion del producto,48794,57902
437986,Beans - Long,Esta seria la descripcion del producto,24535,59291
688494,Cheese - Shred Cheddar / Mozza,Esta seria la descripcion del producto,23025,59779
750359,Longos - Chicken Caeser Salad,Esta seria la descripcion del producto,41734,74137
886821,Initation Crab Meat,Esta seria la descripcion del producto,22904,34232
961061,Huck White Towels,Esta seria la descripcion del producto,34167,67804
483857,Cheese - Pied De Vents,Esta seria la descripcion del producto,43033,18415
261387,Appetizer - Southwestern,Esta seria la descripcion del producto,29207,27899
861046,Tea - Camomele,Esta seria la descripcion del producto,32047,37987
173442,Croissant,Esta seria la descripcion del producto,47747,83849
558995,Wine - Champagne Brut Veuve,Esta seria la descripcion del producto,29731,81586
749015,Huck White Towels,Esta seria la descripcion del producto,26446,78543
691714,Ecolab - Lime - A - Way 4/4 L,Esta seria la descripcion del producto,43097,49804
169770,Bread - Mini Hamburger Bun,Esta seria la descripcion del producto,24499,20004
418572,Wine - Chablis 2003 Champs,Esta seria la descripcion del producto,36091,23076
565862,Chips - Potato Jalapeno,Esta seria la descripcion del producto,41104,26986
462650,Dill Weed - Fresh,Esta seria la descripcion del producto,40578,17764
331880,Soup - French Onion,Esta seria la descripcion del producto,36691,44417
125577,Rappini - Andy Boy,Esta seria la descripcion del producto,49314,49146
534077,Sage Derby,Esta seria la descripcion del producto,31151,77810
543802,Coffee Guatemala Dark,Esta seria la descripcion del producto,47916,15854
898480,Veal - Brisket,Esta seria la descripcion del producto,24697,77230
650868,Veal - Tenderloin,Esta seria la descripcion del producto,43448,68602
526145,Oil - Olive,Esta seria la descripcion del producto,47905,84724
412586,Chicken Breast Halal,Esta seria la descripcion del producto,49205,23320
397846,Rum - Mount Gay Eclipes,Esta seria la descripcion del producto,49449,10817
705945,Chicken - Whole Fryers,Esta seria la descripcion del producto,39663,36017
552532,Cream - 10%,Esta seria la descripcion del producto,30546,39379
147612,Mushroom - Morel Frozen,Esta seria la descripcion del producto,35285,75820
780243,Garlic,Esta seria la descripcion del producto,20376,46846
598813,Cheese - Boursin,Esta seria la descripcion del producto,42937,54392
583614,Juice - Apple,Esta seria la descripcion del producto,46694,65325
244667,Haggis,Esta seria la descripcion del producto,44216,21481
925704,Appetizer - Southwestern,Esta seria la descripcion del producto,36706,73925
486701,Longos - Chicken Curried,Esta seria la descripcion del producto,49049,97664
757620,Cranberry Foccacia,Esta seria la descripcion del producto,31506,80442
423850,Veal - Osso Bucco,Esta seria la descripcion del producto,36761,68575
939513,Juice - Lemon,Esta seria la descripcion del producto,34034,60059
988504,Spice - Chili Powder Mexican,Esta seria la descripcion del producto,37890,31766
610973,Food Colouring - Blue,Esta seria la descripcion del producto,44556,98179
503089,Tahini Paste,Esta seria la descripcion del producto,44397,31481
633636,Wine - Sauvignon Blanc,Esta seria la descripcion del producto,42494,20320
639072,Bread - Onion Focaccia,Esta seria la descripcion del producto,25323,98372
778007,Wine - Magnotta - Red,Esta seria la descripcion del producto,21937,32272
144501,Soup - Knorr,Esta seria la descripcion del producto,43756,32819
112830,Huck White Towels,Esta seria la descripcion del producto,33324,31480
756015,Pasta - Agnolotti - Butternut,Esta seria la descripcion del producto,26973,32333
730526,Rice - 7 Grain Blend,Esta seria la descripcion del producto,33211,19256
319736,Flour - Cake,Esta seria la descripcion del producto,21561,99107
137419,Chocolate - Dark,Esta seria la descripcion del producto,39428,32485
825988,Cheese - Brie,Esta seria la descripcion del producto,39652,58299
204049,Wine - Segura Viudas Aria Brut,Esta seria la descripcion del producto,31681,34357
385156,Nori Sea Weed,Esta seria la descripcion del producto,24308,98247
357640,Lamb - Whole,Esta seria la descripcion del producto,39933,44378
371790,Bacardi Raspberry,Esta seria la descripcion del producto,49751,85021
287345,Cheese - Mix,Esta seria la descripcion del producto,46955,21804
110810,Chutney Sauce - Mango,Esta seria la descripcion del producto,36720,78613
931241,Nut - Pistachio,Esta seria la descripcion del producto,27758,40239
619127,Chevere Logs,Esta seria la descripcion del producto,32155,39656
314036,Plastic Wrap,Esta seria la descripcion del producto,26693,81326
750956,Lotus Rootlets - Canned,Esta seria la descripcion del producto,48558,21293
858360,Soup Knorr Chili With Beans,Esta seria la descripcion del producto,25667,87044
882757,Rhubarb,Esta seria la descripcion del producto,35180,94526
900194,Beans - Navy,Esta seria la descripcion del producto,40206,55039
877119,Flour - Corn,Esta seria la descripcion del producto,28085,10213
281670,Veal - Inside,Esta seria la descripcion del producto,33489,99273
485489,Squid U5 - Thailand,Esta seria la descripcion del producto,44425,64176
799466,Ecolab - Medallion,Esta seria la descripcion del producto,45235,19890
944350,Pasta - Lasagna,Esta seria la descripcion del producto,37121,22253
132637,Pur Value,Esta seria la descripcion del producto,29469,69497
694366,Pork - Loin,Esta seria la descripcion del producto,24838,51990
422145,Fiddlehead - Frozen,Esta seria la descripcion del producto,49015,33997
602347,Sherbet - Raspberry,Esta seria la descripcion del producto,23305,60815
400213,Cookie Dough - Chunky,Esta seria la descripcion del producto,37144,27719
361763,Nut - Macadamia,Esta seria la descripcion del producto,48217,46008
865313,Arizona - Green Tea,Esta seria la descripcion del producto,48169,15457
948145,Olive - Spread Tapenade,Esta seria la descripcion del producto,25629,46440
832175,Buttons,Esta seria la descripcion del producto,24189,52301
253423,Truffle Cups - Brown,Esta seria la descripcion del producto,24121,53379
247311,Container Clear 8 Oz,Esta seria la descripcion del producto,23856,76520
966726,Beer - Blue,Esta seria la descripcion del producto,49721,74895
458853,Wine - Two Oceans Cabernet,Esta seria la descripcion del producto,47951,12383
902556,Extract - Vanilla,Esta seria la descripcion del producto,47379,84170
374093,Juice - Ocean Spray Cranberry,Esta seria la descripcion del producto,29806,18684
206018,Vaccum Bag - 14x20,Esta seria la descripcion del producto,27461,68371
130626,Cake - Sheet Strawberry,Esta seria la descripcion del producto,23382,19977
989391,Apron,Esta seria la descripcion del producto,32186,47436
178864,Wine - Red,Esta seria la descripcion del producto,30197,91963
558706,Shopper Bag - S - 4,Esta seria la descripcion del producto,38882,45975
272413,Wine - Gewurztraminer Pierre,Esta seria la descripcion del producto,43029,83382
998278,Fond - Neutral,Esta seria la descripcion del producto,31609,72850
300406,Wine - Penfolds Koonuga Hill,Esta seria la descripcion del producto,28784,70391
384005,Pepper - Chipotle,Esta seria la descripcion del producto,33085,20049
533254,Oil - Food,Esta seria la descripcion del producto,36388,24554
398827,Table Cloth 91x91 Colour,Esta seria la descripcion del producto,43748,89856
877632,Apple - Royal Gala,Esta seria la descripcion del producto,24049,35449
873236,Nantucket Pine Orangebanana,Esta seria la descripcion del producto,30387,62264
874566,The Pop Shoppe - Black Cherry,Esta seria la descripcion del producto,46791,42305
435427,Cheese - Augre Des Champs,Esta seria la descripcion del producto,46503,79527
409600,Muffins - Assorted,Esta seria la descripcion del producto,46416,49149
966952,Browning Caramel Glace,Esta seria la descripcion del producto,40723,24647
289714,Chicken Breast Wing On,Esta seria la descripcion del producto,22921,28429
266039,Spinach - Frozen,Esta seria la descripcion del producto,41163,64109
432993,Beer - Corona,Esta seria la descripcion del producto,22956,24170
658482,Snails - Large Canned,Esta seria la descripcion del producto,36197,45287
487071,Salmon Steak - Cohoe 6 Oz,Esta seria la descripcion del producto,29469,17817
767729,Wine - White,Esta seria la descripcion del producto,40236,50270
110949,Wine - Soave Folonari,Esta seria la descripcion del producto,21638,67643
937622,Lemon Grass,Esta seria la descripcion del producto,27867,80170
593561,Transfer Sheets,Esta seria la descripcion del producto,47608,30492
406269,Lychee - Canned,Esta seria la descripcion del producto,37878,76099
207290,Kellogs Cereal In A Cup,Esta seria la descripcion del producto,36567,18068
393105,Tart Shells - Sweet,Esta seria la descripcion del producto,27420,73020
585941,Doilies - 10,Esta seria la descripcion del producto,47989,66148
412715,Cheese - Mozzarella,Esta seria la descripcion del producto,27363,55887
203732,Cookies Almond Hazelnut,Esta seria la descripcion del producto,38035,70506
836696,Beef - Ox Tongue,Esta seria la descripcion del producto,36239,22307
134267,Cookie Dough - Peanut Butter,Esta seria la descripcion del producto,40215,96071
304604,Nut - Almond,Esta seria la descripcion del producto,40505,97623
215495,Energy Drink Bawls,Esta seria la descripcion del producto,21607,77370
174333,Table Cloth 62x120 White,Esta seria la descripcion del producto,29162,47067
472625,Juice - Cranberry,Esta seria la descripcion del producto,28897,31609
404332,Lemonade - Black Cherry,Esta seria la descripcion del producto,37156,17862
789440,Cake - Sheet Strawberry,Esta seria la descripcion del producto,20977,20280
979484,Alize Red Passion,Esta seria la descripcion del producto,43918,63544
425807,Wine - Charddonnay Errazuriz,Esta seria la descripcion del producto,43543,59536
755960,Grapes - Red,Esta seria la descripcion del producto,44602,65678
802398,Bread - Dark Rye,Esta seria la descripcion del producto,21711,56938
612990,Nectarines,Esta seria la descripcion del producto,26663,96891
843027,Cheese - Oka,Esta seria la descripcion del producto,38761,46856
584309,Mangoes,Esta seria la descripcion del producto,34311,57374
126400,Sping Loaded Cup Dispenser,Esta seria la descripcion del producto,32945,23542
729302,Beer - Tetleys,Esta seria la descripcion del producto,31513,46558
127982,Foam Cup 6 Oz,Esta seria la descripcion del producto,23910,89029
839374,Magnotta Bel Paese Red,Esta seria la descripcion del producto,38494,42293
499159,Straws - Cocktale,Esta seria la descripcion del producto,42540,53790
366369,Bread - 10 Grain Parisian,Esta seria la descripcion del producto,49849,81792
140012,Dome Lid Clear P92008h,Esta seria la descripcion del producto,30285,23563
751017,Island Oasis - Magarita Mix,Esta seria la descripcion del producto,48607,24048
145033,Cranberries - Frozen,Esta seria la descripcion del producto,49927,98371
975453,Honey - Liquid,Esta seria la descripcion del producto,28821,78754
211806,Pepper - Chillies,Esta seria la descripcion del producto,48291,89224
607718,Cream - 35%,Esta seria la descripcion del producto,39025,65845
380246,Beans - Fava Fresh,Esta seria la descripcion del producto,45209,23530
895295,Sobe - Berry Energy,Esta seria la descripcion del producto,38988,47532
664390,Lemonade - Black Cherry,Esta seria la descripcion del producto,34920,99232
740788,Pastry - Lemon Danish - Mini,Esta seria la descripcion del producto,21968,36444
766969,Jack Daniels,Esta seria la descripcion del producto,49566,65949
751032,Fond - Chocolate,Esta seria la descripcion del producto,21353,15134
225132,Coffee - Decaffeinato Coffee,Esta seria la descripcion del producto,26756,16063
419849,Vacuum Bags 12x16,Esta seria la descripcion del producto,40792,50165
526891,Shrimp - Baby,Esta seria la descripcion del producto,25593,19832
797760,Walkers Special Old Whiskey,Esta seria la descripcion del producto,40676,14706
554607,Long Island Ice Tea,Esta seria la descripcion del producto,40279,14408
274760,Cake Slab,Esta seria la descripcion del producto,20004,66739
920719,Lemon Balm - Fresh,Esta seria la descripcion del producto,33618,64064
383358,Salt - Seasoned,Esta seria la descripcion del producto,32706,75134
261011,Veal - Heart,Esta seria la descripcion del producto,26607,79237
229141,Shiratamako - Rice Flour,Esta seria la descripcion del producto,43401,97063
954659,Tea - Lemon Scented,Esta seria la descripcion del producto,35938,11588
551094,Bread Foccacia Whole,Esta seria la descripcion del producto,25762,38094
214010,Lamb - Shoulder,Esta seria la descripcion del producto,29549,60231
625118,Energy Drink - Franks Original,Esta seria la descripcion del producto,22359,30195
764398,Sobe - Berry Energy,Esta seria la descripcion del producto,48716,48443
252930,Wine - Casillero Deldiablo,Esta seria la descripcion del producto,42117,79956
354342,Arizona - Green Tea,Esta seria la descripcion del producto,31653,77575
892659,Pepper - Green,Esta seria la descripcion del producto,26009,72576
826314,Beer - True North Strong Ale,Esta seria la descripcion del producto,27681,73504
883582,Bread - Roll,Esta seria la descripcion del producto,31202,33556
285213,Bagel - Ched Chs Presliced,Esta seria la descripcion del producto,38696,80730
338010,Beef - Bones,Esta seria la descripcion del producto,31881,18235
343016,Pie Shell - 5,Esta seria la descripcion del producto,47887,47577
756170,Pickerel - Fillets,Esta seria la descripcion del producto,38642,94314
527834,Veal - Inside Round / Top,Esta seria la descripcion del producto,35397,98677
184018,Wine - Jafflin Bourgongone,Esta seria la descripcion del producto,21567,32342
627127,Yogurt - Raspberry,Esta seria la descripcion del producto,36526,69345
669213,Muffin - Carrot Individual Wrap,Esta seria la descripcion del producto,40525,73034
657994,Beef - Sushi Flat Iron Steak,Esta seria la descripcion del producto,32985,69140
972436,Sauce - Mint,Esta seria la descripcion del producto,36322,54064
286467,Tea - Decaf 1 Cup,Esta seria la descripcion del producto,37188,76496
551530,Pants Custom Dry Clean,Esta seria la descripcion del producto,38557,94015
866860,Soup - Campbells Chili,Esta seria la descripcion del producto,48342,34678
907396,Remy Red,Esta seria la descripcion del producto,39906,93156
488888,Wine - White Cab Sauv.on,Esta seria la descripcion del producto,34005,66414
955739,Soup - Campbells,Esta seria la descripcion del producto,47357,25452
633541,Bananas,Esta seria la descripcion del producto,35453,30440
120289,Herb Du Provence - Primerba,Esta seria la descripcion del producto,37695,73234
672776,Puree - Kiwi,Esta seria la descripcion del producto,26494,61795
415419,Lamb Rack Frenched Australian,Esta seria la descripcion del producto,27646,43060
835044,Orange - Tangerine,Esta seria la descripcion del producto,21790,74997
189745,Soup - Cream Of Broccoli,Esta seria la descripcion del producto,41131,71672
853473,Carbonated Water - Wildberry,Esta seria la descripcion del producto,31241,34887
559182,Flavouring Vanilla Artificial,Esta seria la descripcion del producto,27476,80230
735748,Radish - Black,Esta seria la descripcion del producto,44877,40708
689029,Flower - Leather Leaf Fern,Esta seria la descripcion del producto,31659,25155
646872,Cranberries - Dry,Esta seria la descripcion del producto,46112,86900
891893,Soup - Knorr,Esta seria la descripcion del producto,37227,25100
332545,Ice - Clear,Esta seria la descripcion del producto,44239,68584
355073,Bagel - Whole White Sesame,Esta seria la descripcion del producto,33351,55499
970357,Wine - Magnotta - Bel Paese White,Esta seria la descripcion del producto,38032,69499
808250,Tarts Assorted,Esta seria la descripcion del producto,42194,80800
490701,Appetizer - Tarragon Chicken,Esta seria la descripcion del producto,37568,59037
210778,Beef - Short Loin,Esta seria la descripcion del producto,37378,88239
223218,Cheese - Cream Cheese,Esta seria la descripcion del producto,42015,99969
648586,Wine - Lamancha Do Crianza,Esta seria la descripcion del producto,41757,51528
253475,Bread - Granary Small Pull,Esta seria la descripcion del producto,49501,83288
318647,Breadfruit,Esta seria la descripcion del producto,21044,10209
713927,Soup - Campbells,Esta seria la descripcion del producto,35771,64032
248926,Wine - Sogrape Mateus Rose,Esta seria la descripcion del producto,36601,45301
305383,Shark - Loin,Esta seria la descripcion del producto,22432,83292
776523,Pizza Pizza Dough,Esta seria la descripcion del producto,25726,77511
910560,Cheese - Le Cru Du Clocher,Esta seria la descripcion del producto,31798,56465
906788,Sesame Seed,Esta seria la descripcion del producto,44172,81488
411372,Sobe - Lizard Fuel,Esta seria la descripcion del producto,38589,48123
649553,Tea - Herbal - 6 Asst,Esta seria la descripcion del producto,39313,74627
857975,Carbonated Water - Blackcherry,Esta seria la descripcion del producto,43627,22833
376808,Truffle - Peelings,Esta seria la descripcion del producto,23441,79729
485775,Wine - White,Esta seria la descripcion del producto,26417,97102
466641,Skewers - Bamboo,Esta seria la descripcion del producto,31746,20266
347054,Kolrabi,Esta seria la descripcion del producto,20078,42737
628493,Lumpfish Black,Esta seria la descripcion del producto,44764,50228
941671,Wine - Barolo Fontanafredda,Esta seria la descripcion del producto,43805,59859
226097,Yogurt - Plain,Esta seria la descripcion del producto,36534,68596
305496,Bread - Bagels,Esta seria la descripcion del producto,22763,96382
319323,Wood Chips - Regular,Esta seria la descripcion del producto,36162,33444
631375,Soup - Campbells - Tomato,Esta seria la descripcion del producto,43859,12320
276615,Pepper - Black,Esta seria la descripcion del producto,43650,81909
754577,Liners - Banana,Esta seria la descripcion del producto,38309,93766
657849,Cumin - Whole,Esta seria la descripcion del producto,49744,97159
992937,Wine - Rosso Del Veronese Igt,Esta seria la descripcion del producto,36744,36739
649428,Mayonnaise,Esta seria la descripcion del producto,33883,41220
213485,Sauce - Soya,Esta seria la descripcion del producto,48555,89115
687358,Sausage - Chorizo,Esta seria la descripcion del producto,25693,60749
370178,Bread Foccacia Whole,Esta seria la descripcion del producto,30427,31611
100236,Wine - Prem Select Charddonany,Esta seria la descripcion del producto,47439,26132
835600,Mushroom - Trumpet,Esta seria la descripcion del producto,21363,14340
802087,Cake - Cheese Cake 9 Inch,Esta seria la descripcion del producto,40189,36335
708039,Sausage - Breakfast,Esta seria la descripcion del producto,27569,14171
709211,Wine - Cousino Macul Antiguas,Esta seria la descripcion del producto,23296,55471
804565,Sausage - Breakfast,Esta seria la descripcion del producto,48751,82530
152600,Chilli Paste,Esta seria la descripcion del producto,28504,20502
337263,Table Cloth 54x72 Colour,Esta seria la descripcion del producto,39946,35608
337609,Flour - Rye,Esta seria la descripcion del producto,31590,35598
698599,Squid U5 - Thailand,Esta seria la descripcion del producto,24513,37771
291466,Oneshot Automatic Soap System,Esta seria la descripcion del producto,46161,26501
637045,Soup - Chicken And Wild Rice,Esta seria la descripcion del producto,25834,22798
758156,Longos - Grilled Veg Sandwiches,Esta seria la descripcion del producto,36827,84856
680644,Plums - Red,Esta seria la descripcion del producto,47350,81888
795556,Okra,Esta seria la descripcion del producto,39061,11993
897688,Sausage - Breakfast,Esta seria la descripcion del producto,34750,30351
125835,Ice Cream Bar - Hageen Daz To,Esta seria la descripcion del producto,45200,64861
966231,Mushroom - King Eryingii,Esta seria la descripcion del producto,29933,65608
703339,Cookie Trail Mix,Esta seria la descripcion del producto,47701,97313
564897,Wine - Saint Emilion Calvet,Esta seria la descripcion del producto,40024,16604
413517,Chips - Potato Jalapeno,Esta seria la descripcion del producto,31763,92993
779994,Dome Lid Clear P92008h,Esta seria la descripcion del producto,20753,37610
963443,Yogurt - Assorted Pack,Esta seria la descripcion del producto,28326,37195
816620,Artichokes - Jerusalem,Esta seria la descripcion del producto,23825,58674
836223,Bread - Mini Hamburger Bun,Esta seria la descripcion del producto,43178,42810
988243,Steampan - Foil,Esta seria la descripcion del producto,34482,34590
434488,Tea - Jasmin Green,Esta seria la descripcion del producto,42348,40850
593548,Bread - Rye,Esta seria la descripcion del producto,34285,98278
539695,Butcher Twine 4r,Esta seria la descripcion del producto,21760,93659
259828,Juice - Propel Sport,Esta seria la descripcion del producto,49767,41043
674999,Island Oasis - Magarita Mix,Esta seria la descripcion del producto,36356,90628
927818,Mushroom - Porcini,Esta seria la descripcion del producto,47602,62616
134814,Cookie Double Choco,Esta seria la descripcion del producto,34185,78474
323935,Cake - Night And Day Choclate,Esta seria la descripcion del producto,39994,56653
647206,Flour - Strong Pizza,Esta seria la descripcion del producto,47955,55787
458803,Butter - Unsalted,Esta seria la descripcion del producto,30448,96389
652255,Cheese - Brie Roitelet,Esta seria la descripcion del producto,30115,50951
328837,Quiche Assorted,Esta seria la descripcion del producto,48405,30546
282082,Salt - Table,Esta seria la descripcion del producto,43493,53296
747842,Wine - Cousino Macul Antiguas,Esta seria la descripcion del producto,43459,42800
662728,Coconut - Creamed,Esta seria la descripcion del producto,26839,50008
986357,Ranchero - Primerba,Esta seria la descripcion del producto,45254,38059
842347,Bagel - Sesame Seed Presliced,Esta seria la descripcion del producto,37233,79329
402137,Wine - Zinfandel Rosenblum,Esta seria la descripcion del producto,31242,25423
230682,Oil - Grapeseed Oil,Esta seria la descripcion del producto,49871,54156
687220,Sauce - Thousand Island,Esta seria la descripcion del producto,27931,30316
276547,Beef - Kobe Striploin,Esta seria la descripcion del producto,38046,95067
612046,Steam Pan Full Lid,Esta seria la descripcion del producto,25239,46205
156942,Pasta - Orzo,Esta seria la descripcion del producto,25652,46401
554011,Skirt - 24 Foot,Esta seria la descripcion del producto,29335,81984
343671,Curry Paste - Madras,Esta seria la descripcion del producto,24313,12592
261475,Gooseberry,Esta seria la descripcion del producto,38019,29684
684597,Roe - White Fish,Esta seria la descripcion del producto,42228,33356
523052,Cleaner - Lime Away,Esta seria la descripcion del producto,44135,47515
213315,Cucumber - Pickling Ontario,Esta seria la descripcion del producto,42165,74412
669554,Ice Cream - Turtles Stick Bar,Esta seria la descripcion del producto,21357,89825
513319,Pastry - Plain Baked Croissant,Esta seria la descripcion del producto,39197,33819
376476,Dried Cranberries,Esta seria la descripcion del producto,48820,36494
226170,Spice - Greek 1 Step,Esta seria la descripcion del producto,41538,73737
651339,Kellogs Raisan Bran Bars,Esta seria la descripcion del producto,33823,57033
802658,Wine - Chardonnay South,Esta seria la descripcion del producto,23754,24224
306876,Lobak,Esta seria la descripcion del producto,23847,96961
645417,Nantucket - Kiwi Berry Cktl.,Esta seria la descripcion del producto,38253,51906
477647,Corn Syrup,Esta seria la descripcion del producto,28515,11651
113884,Soup - Knorr,Esta seria la descripcion del producto,38416,31962
830985,Island Oasis - Lemonade,Esta seria la descripcion del producto,30223,79607
527263,Cup - 6oz,Esta seria la descripcion del producto,29521,32185
544096,Chocolate - Milk Coating,Esta seria la descripcion del producto,41888,47390
105387,Fish - Base,Esta seria la descripcion del producto,26192,81170
104312,Hog / Sausage Casing - Pork,Esta seria la descripcion del producto,29976,67246
564775,Slt - Individual Portions,Esta seria la descripcion del producto,37026,42894
211267,Bacardi Mojito,Esta seria la descripcion del producto,30029,60192
308823,Petite Baguette,Esta seria la descripcion del producto,39923,81319
378699,Bread - Pumpernickel,Esta seria la descripcion del producto,26047,90261
616942,Steamers White,Esta seria la descripcion del producto,22959,67367
764589,Cafe Royale,Esta seria la descripcion del producto,20563,27790
633852,Cheese - Ermite Bleu,Esta seria la descripcion del producto,43381,83824
714989,Jam - Marmalade,Esta seria la descripcion del producto,46518,73408
630757,Crab Brie In Phyllo,Esta seria la descripcion del producto,46488,42003
204970,Red Currants,Esta seria la descripcion del producto,20654,19256
425555,Quinoa,Esta seria la descripcion del producto,24228,81487
583052,Ham - Proscuitto,Esta seria la descripcion del producto,39112,63492
130969,Onions - Green,Esta seria la descripcion del producto,22890,17145
410355,Jam - Raspberry,Esta seria la descripcion del producto,34084,19459
959224,Pasta - Fettuccine,Esta seria la descripcion del producto,40792,12376
832370,Wine - Marlbourough Sauv Blanc,Esta seria la descripcion del producto,30493,35506
561073,Sugar - Monocystal / Rock,Esta seria la descripcion del producto,40942,13266
939842,Flavouring - Raspberry,Esta seria la descripcion del producto,32451,31088
568525,Danishes - Mini Cheese,Esta seria la descripcion del producto,42502,51701
150908,Soup Campbells - Tomato Bisque,Esta seria la descripcion del producto,30311,77385
386911,Wine - Saint Emilion Calvet,Esta seria la descripcion del producto,23683,23868
124828,Veal - Slab Bacon,Esta seria la descripcion del producto,28432,12464
567129,Wine - Alicanca Vinho Verde,Esta seria la descripcion del producto,46080,56217
635110,Bread - Roll,Esta seria la descripcion del producto,25672,83547
481782,Wine - Two Oceans Cabernet,Esta seria la descripcion del producto,20133,88645
511556,Fireball Whisky,Esta seria la descripcion del producto,22148,97487
358971,Plate Pie Foil,Esta seria la descripcion del producto,30673,19748
637699,Cheese - Parmesan Grated,Esta seria la descripcion del producto,44430,30414
928720,Mushroom - Chantrelle,Esta seria la descripcion del producto,35073,73342
209925,Soup - Chicken And Wild Rice,Esta seria la descripcion del producto,36793,40496
479136,Cherries - Fresh,Esta seria la descripcion del producto,44318,71358
564372,Pasta - Rotini,Esta seria la descripcion del producto,23095,39765
823684,Bread Base - Goodhearth,Esta seria la descripcion del producto,24558,34185
217530,Cheese - Gouda,Esta seria la descripcion del producto,48272,84539
107862,Muffin - Bran Ind Wrpd,Esta seria la descripcion del producto,39673,49269
739829,Syrup - Chocolate,Esta seria la descripcion del producto,27009,84542
719507,Pork - Back,Esta seria la descripcion del producto,22372,41587
294310,Bar Energy Chocchip,Esta seria la descripcion del producto,34629,62197
923704,Tomatoes - Cherry,Esta seria la descripcion del producto,31676,44860
470244,Wine - Red,Esta seria la descripcion del producto,39803,24510
437065,Towel - Roll White,Esta seria la descripcion del producto,37923,55930
965212,Tarts Assorted,Esta seria la descripcion del producto,42612,46625
906852,Pork - Sausage,Esta seria la descripcion del producto,24303,57286
240109,Pizza Pizza Dough,Esta seria la descripcion del producto,27817,18928
438698,Soup - Campbells,Esta seria la descripcion del producto,25576,81048
491418,Cheese - Roquefort Pappillon,Esta seria la descripcion del producto,35817,73840
522610,Quail - Whole,Esta seria la descripcion del producto,27138,47047
253985,Toamtoes 6x7 Select,Esta seria la descripcion del producto,48019,39095
160853,Milk - Skim,Esta seria la descripcion del producto,40978,88579
125200,Crackers - Water,Esta seria la descripcion del producto,41906,52941
297048,Wine - White,Esta seria la descripcion del producto,43092,29830
751967,Bar Energy Chocchip,Esta seria la descripcion del producto,41382,39711
249847,Beef - Flank Steak,Esta seria la descripcion del producto,21739,80192
969210,Potatoes - Mini Red,Esta seria la descripcion del producto,22364,44078
442524,Wine - Cousino Macul Antiguas,Esta seria la descripcion del producto,33638,59505
952361,Pork - Back,Esta seria la descripcion del producto,39558,41938
392362,Mushrooms - Honey,Esta seria la descripcion del producto,25211,63148
783502,Drambuie,Esta seria la descripcion del producto,30052,10934
417117,Coffee - Irish Cream,Esta seria la descripcion del producto,32747,48460
773520,Chervil - Fresh,Esta seria la descripcion del producto,34188,31900
688869,Extract - Lemon,Esta seria la descripcion del producto,27242,99148
216338,Pie Shell - 9,Esta seria la descripcion del producto,39774,79343
736905,Pepper - White,Esta seria la descripcion del producto,31145,61577
896516,Longos - Chicken Caeser Salad,Esta seria la descripcion del producto,31662,14346
501416,Brandy - Bar,Esta seria la descripcion del producto,47304,36720
238762,Vinegar - White Wine,Esta seria la descripcion del producto,21716,80103
621661,Ice Cream Bar - Oreo Cone,Esta seria la descripcion del producto,45201,49518
612399,Dill Weed - Fresh,Esta seria la descripcion del producto,20580,39115
165417,Mix Pina Colada,Esta seria la descripcion del producto,30742,87239
601596,Pasta - Penne,Esta seria la descripcion del producto,48889,35866
980134,Bread - Olive,Esta seria la descripcion del producto,41404,83411
872309,Pork - Smoked Back Bacon,Esta seria la descripcion del producto,42572,59983
199148,White Fish - Filets,Esta seria la descripcion del producto,30294,90685
403318,Wine - Periguita Fonseca,Esta seria la descripcion del producto,47740,71501
195975,Bandage - Finger Cots,Esta seria la descripcion del producto,23139,70258
206409,Bagel - Whole White Sesame,Esta seria la descripcion del producto,23067,47848
268795,Pie Filling - Pumpkin,Esta seria la descripcion del producto,29467,17734
490719,Broom And Broom Rack White,Esta seria la descripcion del producto,45341,79563
624000,Juice - Clam,Esta seria la descripcion del producto,22209,44192
126374,Wine - Ruffino Chianti Classico,Esta seria la descripcion del producto,32034,54325
480295,Juice - Orange 1.89l,Esta seria la descripcion del producto,38863,13953
856952,Wine - Port Late Bottled Vintage,Esta seria la descripcion del producto,38786,72992
154843,Pasta - Orzo,Esta seria la descripcion del producto,20240,37364
153116,Tart Shells - Savory,Esta seria la descripcion del producto,35771,98802
715942,Pastry - Chocolate Marble Tea,Esta seria la descripcion del producto,24340,56761
453758,Veal - Leg,Esta seria la descripcion del producto,28147,94203
458695,Wine - Tio Pepe Sherry Fino,Esta seria la descripcion del producto,41862,74292
152666,Wine - Two Oceans Cabernet,Esta seria la descripcion del producto,21138,96197
354754,Tray - Foam,Esta seria la descripcion del producto,36695,34869
912626,Veal - Provimi Inside,Esta seria la descripcion del producto,26868,55441
893133,Rum - Mount Gay Eclipes,Esta seria la descripcion del producto,25387,12255
935335,Ginger - Crystalized,Esta seria la descripcion del producto,20658,71829
240200,Lemon Tarts,Esta seria la descripcion del producto,28958,55533
138171,Strawberries - California,Esta seria la descripcion del producto,31160,92437
260305,Tilapia - Fillets,Esta seria la descripcion del producto,47747,52362
808777,Banana - Green,Esta seria la descripcion del producto,31329,60027
464288,Syrup - Monin,Esta seria la descripcion del producto,44901,74314
578864,Melon - Watermelon,Esta seria la descripcion del producto,38744,80769
257293,Cookie Dough - Chocolate Chip,Esta seria la descripcion del producto,37911,73081
256538,Pork - Loin,Esta seria la descripcion del producto,38354,60421
889813,Hickory Smoke,Esta seria la descripcion del producto,45584,23470
153575,Longos - Grilled Salmon With Bbq,Esta seria la descripcion del producto,21741,60474
390372,Chilli Paste,Esta seria la descripcion del producto,25596,68305
128830,Pickle - Dill,Esta seria la descripcion del producto,26391,30241
719183,Pepper - Black,Esta seria la descripcion del producto,39956,45426
485237,Wine - Sake,Esta seria la descripcion del producto,26774,70007
832874,Cookie Choc,Esta seria la descripcion del producto,39217,88424
474403,Chips Potato Swt Chilli Sour,Esta seria la descripcion del producto,26292,45224
590073,Ice Cream - Super Sandwich,Esta seria la descripcion del producto,35857,27302
449243,Juice - Apple 284ml,Esta seria la descripcion del producto,36828,30493
447816,Wine - White,Esta seria la descripcion del producto,47335,73185
940892,Tea Leaves - Oolong,Esta seria la descripcion del producto,29211,65911
630207,Salt And Pepper Mix - White,Esta seria la descripcion del producto,41980,87094
347793,Foil - Round Foil,Esta seria la descripcion del producto,47444,13173
493591,Pork - Ham,Esta seria la descripcion del producto,43977,40849
148709,Fish - Atlantic Salmon,Esta seria la descripcion del producto,44013,83633
672616,Wine - Red,Esta seria la descripcion del producto,34021,37891
305170,Juice - Ocean Spray Kiwi,Esta seria la descripcion del producto,27003,49612
719928,Marsala - Sperone,Esta seria la descripcion del producto,38171,82781
521756,Sardines,Esta seria la descripcion del producto,21671,87032
285275,Lamb Shoulder Boneless Nz,Esta seria la descripcion del producto,23700,67297
221114,Lettuce - Boston Bib,Esta seria la descripcion del producto,24631,60541
681695,Wine - German Riesling,Esta seria la descripcion del producto,34822,97868
710438,Napkin - Dinner,Esta seria la descripcion del producto,35716,27720
627791,Muffin Hinge 117n,Esta seria la descripcion del producto,27397,22547
392663,Corn Meal,Esta seria la descripcion del producto,39796,15775
614031,Oysters - Smoked,Esta seria la descripcion del producto,25393,36935
234517,Chocolate - Liqueur Cups With Foil,Esta seria la descripcion del producto,38078,92544
887355,Creme De Cacao White,Esta seria la descripcion del producto,47769,29667
307912,Ecolab Digiclean Mild Fm,Esta seria la descripcion del producto,36628,78227
944382,Wine - Niagara Peninsula Vqa,Esta seria la descripcion del producto,32462,35189
899107,Muffin Mix - Blueberry,Esta seria la descripcion del producto,21960,14138
104788,Juice - Orange 1.89l,Esta seria la descripcion del producto,23377,39500
818149,Soho Lychee Liqueur,Esta seria la descripcion del producto,39827,52880
463116,Vodka - Lemon,Esta seria la descripcion del producto,46711,98073
324659,Vinegar - Rice,Esta seria la descripcion del producto,44690,73749
242149,Jam - Raspberry,Esta seria la descripcion del producto,47812,84646
552353,Pork - Hock And Feet Attached,Esta seria la descripcion del producto,23412,74304
721449,Pate - Cognac,Esta seria la descripcion del producto,33785,95301
455572,Salmon - Sockeye Raw,Esta seria la descripcion del producto,33073,11378
314615,Wine - Cahors Ac 2000,Esta seria la descripcion del producto,25195,29699
393699,Venison - Ground,Esta seria la descripcion del producto,30360,16364
727429,Wine - Chenin Blanc K.w.v.,Esta seria la descripcion del producto,24401,64657
780384,Versatainer Nc - 9388,Esta seria la descripcion del producto,49066,76904
727000,Wine - Winzer Krems Gruner,Esta seria la descripcion del producto,40094,51321
829528,Sugar - Brown,Esta seria la descripcion del producto,33003,78914
604799,Wine - Segura Viudas Aria Brut,Esta seria la descripcion del producto,35311,45212
583941,Beef - Short Ribs,Esta seria la descripcion del producto,26050,46223
685726,Beef Wellington,Esta seria la descripcion del producto,27572,94068
440594,Piping - Bags Quizna,Esta seria la descripcion del producto,45085,93722
936770,Tuna - Sushi Grade,Esta seria la descripcion del producto,22836,94795
286929,Water - San Pellegrino,Esta seria la descripcion del producto,28783,32969
587052,Beef - Top Sirloin - Aaa,Esta seria la descripcion del producto,42436,85255
525207,Veal - Leg,Esta seria la descripcion del producto,42346,72968
909940,V8 - Vegetable Cocktail,Esta seria la descripcion del producto,29023,76808
568029,Curry Paste - Madras,Esta seria la descripcion del producto,28610,94475
158168,Bread - Rosemary Focaccia,Esta seria la descripcion del producto,41612,93124
255985,Lamb - Shoulder,Esta seria la descripcion del producto,38504,88525
999927,Tomato - Green,Esta seria la descripcion del producto,27541,22832
397909,Sambuca - Ramazzotti,Esta seria la descripcion del producto,32172,20904
227019,Bread - Hamburger Buns,Esta seria la descripcion del producto,31112,94466
556096,Carrots - Mini,Esta seria la descripcion del producto,49208,93957
519654,Apples - Spartan,Esta seria la descripcion del producto,40484,85468
589523,Petite Baguette,Esta seria la descripcion del producto,44973,76508
719860,Ice Cream - Vanilla,Esta seria la descripcion del producto,20780,41395
529913,Banana - Green,Esta seria la descripcion del producto,21244,66536
164505,Snapple Raspberry Tea,Esta seria la descripcion del producto,23747,83873
633314,Shopper Bag - S - 4,Esta seria la descripcion del producto,41636,29383
541482,Ham - Proscuitto,Esta seria la descripcion del producto,22220,98930
456900,Ham - Smoked,Esta seria la descripcion del producto,44992,18352
405876,Ocean Spray - Ruby Red,Esta seria la descripcion del producto,43329,87054
583791,Coffee Cup 12oz 5342cd,Esta seria la descripcion del producto,20597,58956
127234,The Pop Shoppe Pinapple,Esta seria la descripcion del producto,32255,90104
187248,Cloves - Ground,Esta seria la descripcion del producto,30904,81149
440091,Soup - Campbells,Esta seria la descripcion del producto,38054,73309
481950,Apple - Fuji,Esta seria la descripcion del producto,25800,16905
741710,Wine - Periguita Fonseca,Esta seria la descripcion del producto,25692,55941
455775,Pepper - Cubanelle,Esta seria la descripcion del producto,42912,15869
566028,Wine - Magnotta - Cab Franc,Esta seria la descripcion del producto,37627,10097
812913,Lettuce - Escarole,Esta seria la descripcion del producto,47071,98598
541529,Wine - Soave Folonari,Esta seria la descripcion del producto,38044,59589
224339,Soap - Pine Sol Floor Cleaner,Esta seria la descripcion del producto,46700,44110
223999,Crackers - Melba Toast,Esta seria la descripcion del producto,26885,55382
132704,Squid - Tubes / Tenticles 10/20,Esta seria la descripcion del producto,39134,29240
986691,V8 - Berry Blend,Esta seria la descripcion del producto,32156,37034
298777,Sauce Tomato Pouch,Esta seria la descripcion del producto,29487,30142
899503,Lamb - Leg,Esta seria la descripcion del producto,31000,32633
630460,Banana - Green,Esta seria la descripcion del producto,31743,72852
432436,Bread Bowl Plain,Esta seria la descripcion del producto,49727,79185
747259,Figs,Esta seria la descripcion del producto,38811,69323
141693,Hagen Daza - Dk Choocolate,Esta seria la descripcion del producto,43044,25041
166261,Chips Potato Reg 43g,Esta seria la descripcion del producto,28697,98609
110508,Dill Weed - Dry,Esta seria la descripcion del producto,22698,61980
635478,Sausage - Liver,Esta seria la descripcion del producto,34404,57644
170881,Muffin Mix - Chocolate Chip,Esta seria la descripcion del producto,22304,44176
286244,Pepper - White,Esta seria la descripcion del producto,42440,19656
578362,Cheese - Cambozola,Esta seria la descripcion del producto,22490,89990
415712,Wine - Rhine Riesling Wolf Blass,Esta seria la descripcion del producto,36061,35968
842984,Bread - Multigrain,Esta seria la descripcion del producto,42961,47008
353223,Creme De Cacao White,Esta seria la descripcion del producto,26960,59747
453482,Puff Pastry - Slab,Esta seria la descripcion del producto,30248,38461
579230,Appetizer - Sausage Rolls,Esta seria la descripcion del producto,28498,48466
340343,Thyme - Lemon,Esta seria la descripcion del producto,20946,78502
202528,Ecolab - Ster Bac,Esta seria la descripcion del producto,40364,56756
396527,Chicken - Whole Roasting,Esta seria la descripcion del producto,29678,17136
407799,Beans - Fava Fresh,Esta seria la descripcion del producto,44918,54523
692755,Wine - Riesling Alsace Ac 2001,Esta seria la descripcion del producto,40225,64702
589844,Pectin,Esta seria la descripcion del producto,21009,18803
603087,Poppy Seed,Esta seria la descripcion del producto,28173,31177
437179,Sansho Powder,Esta seria la descripcion del producto,38920,87570
486496,Cloves - Ground,Esta seria la descripcion del producto,37133,16167
123185,Kale - Red,Esta seria la descripcion del producto,41293,31271
633996,Tomatoes - Heirloom,Esta seria la descripcion del producto,26753,80705
886915,Pie Box - Cello Window 2.5,Esta seria la descripcion del producto,23250,15658
757578,Wakami Seaweed,Esta seria la descripcion del producto,44022,36875
527002,Pork - Chop,Esta seria la descripcion del producto,34373,30966
777508,Beef - Bones,Esta seria la descripcion del producto,43930,23931
725400,Kahlua,Esta seria la descripcion del producto,32035,81756
482028,Bread - Pumpernickel,Esta seria la descripcion del producto,20309,86822
950557,Pie Pecan,Esta seria la descripcion del producto,36814,35858
320565,Green Scrubbie Pad H.duty,Esta seria la descripcion del producto,23854,20619
350460,Oregano - Fresh,Esta seria la descripcion del producto,22761,17748
810119,Spice - Peppercorn Melange,Esta seria la descripcion del producto,29151,58793
763316,Eggs - Extra Large,Esta seria la descripcion del producto,42540,42296
110149,Table Cloth 54x54 White,Esta seria la descripcion del producto,33633,50104
509549,Wine - Vidal Icewine Magnotta,Esta seria la descripcion del producto,47676,75272
860107,Avocado,Esta seria la descripcion del producto,32792,52052
320601,Cheese - Brie,Esta seria la descripcion del producto,37245,35912
458285,Chocolate - White,Esta seria la descripcion del producto,22248,39161
151357,Vodka - Lemon,Esta seria la descripcion del producto,24544,79807
252142,Island Oasis - Strawberry,Esta seria la descripcion del producto,40879,42327
583934,Ham - Cooked Bayonne Tinned,Esta seria la descripcion del producto,34719,17425
532544,Yogurt - Peach,Esta seria la descripcion del producto,24961,68281
622795,Tart - Lemon,Esta seria la descripcion del producto,27337,50901
869228,Chick Peas - Canned,Esta seria la descripcion del producto,44073,62063
583279,Nut - Walnut,Esta seria la descripcion del producto,44834,23412
185239,Scallops - In Shell,Esta seria la descripcion del producto,38662,69498
908878,Longos - Grilled Salmon With Bbq,Esta seria la descripcion del producto,40692,48144
474423,Lettuce - Belgian Endive,Esta seria la descripcion del producto,24699,33991
882548,Compound - Passion Fruit,Esta seria la descripcion del producto,35073,19638
701197,Crackers - Graham,Esta seria la descripcion del producto,24840,48069
141472,Lettuce - Mini Greens,Esta seria la descripcion del producto,33290,77715
653141,Lady Fingers,Esta seria la descripcion del producto,33850,58196
166197,Water - Mineral,Esta seria la descripcion del producto,33372,17424
890470,Wine - Ej Gallo Sonoma,Esta seria la descripcion del producto,47203,41910
983843,Peppercorns - Green,Esta seria la descripcion del producto,42809,83913
386924,Juice - Grapefruit,Esta seria la descripcion del producto,44215,84474
805267,Eel Fresh,Esta seria la descripcion del producto,47070,43415
877462,Cheese - Asiago,Esta seria la descripcion del producto,35270,58033
428566,Sobe - Tropical Energy,Esta seria la descripcion del producto,45220,22022
572001,Snapple Raspberry Tea,Esta seria la descripcion del producto,24774,44322
891985,Snapple - Mango Maddness,Esta seria la descripcion del producto,36955,91668
881116,Beef Ground Medium,Esta seria la descripcion del producto,41153,62076
496072,Pepper - Cubanelle,Esta seria la descripcion del producto,47592,76175
309558,Ginger - Ground,Esta seria la descripcion del producto,28413,16121
978568,Lamb Rack Frenched Australian,Esta seria la descripcion del producto,38571,49556
641477,Petit Baguette,Esta seria la descripcion del producto,25765,13090
911179,Wine - White,Esta seria la descripcion del producto,25060,13567
696470,Lady Fingers,Esta seria la descripcion del producto,46154,62795
243334,Chicken - Ground,Esta seria la descripcion del producto,45700,57971
910096,Pepper - Chili Powder,Esta seria la descripcion del producto,32975,98566
281958,Ecolab - Orange Frc,Esta seria la descripcion del producto,32721,83366
221607,Steel Wool S.o.s,Esta seria la descripcion del producto,29606,36073
203023,Cocoa Butter,Esta seria la descripcion del producto,39943,55869
723710,Butter - Unsalted,Esta seria la descripcion del producto,26312,50666
433904,Cod - Black Whole Fillet,Esta seria la descripcion del producto,26057,33338
597216,Beef - Tender Tips,Esta seria la descripcion del producto,28505,98244
524166,Bagelers - Cinn / Brown,Esta seria la descripcion del producto,29883,84729
530999,Mushroom - Oyster,Esta seria la descripcion del producto,36038,82619
598865,Bonito Flakes - Toku Katsuo,Esta seria la descripcion del producto,36593,72499
504857,Juice - Pineapple,Esta seria la descripcion del producto,24838,75855
449839,Thyme - Lemon,Esta seria la descripcion del producto,41956,55963
932873,Sandwich Wrap,Esta seria la descripcion del producto,44365,53561
983155,Skirt - 24 Foot,Esta seria la descripcion del producto,31008,10352
244866,Lychee,Esta seria la descripcion del producto,29516,27489
198113,Ham - Cooked Italian,Esta seria la descripcion del producto,39448,18007
360523,Pork Salted Bellies,Esta seria la descripcion del producto,48478,21391
888356,Pasta - Shells,Esta seria la descripcion del producto,39884,25019
754872,Hersey Shakes,Esta seria la descripcion del producto,28059,11824
184044,Bread - Calabrese Baguette,Esta seria la descripcion del producto,45428,89411
730322,Cheese - Ricotta,Esta seria la descripcion del producto,30197,64776
291499,Sping Loaded Cup Dispenser,Esta seria la descripcion del producto,27265,10293
495584,Chicken - Breast,Esta seria la descripcion del producto,39544,21711
470896,Asparagus - Green,Esta seria la descripcion del producto,44678,98001
446390,Olives - Stuffed,Esta seria la descripcion del producto,40488,58751
681825,Teriyaki Sauce,Esta seria la descripcion del producto,36261,97764
331304,Beef - Sushi Flat Iron Steak,Esta seria la descripcion del producto,40024,68235
867379,Squeeze Bottle,Esta seria la descripcion del producto,25710,97507
392651,Chicken Thigh - Bone Out,Esta seria la descripcion del producto,45235,59432
760880,Cup - 3.5oz,Esta seria la descripcion del producto,26815,80825
519031,Garlic - Peeled,Esta seria la descripcion del producto,31296,23071
576620,Mussels - Frozen,Esta seria la descripcion del producto,35459,71780
623208,Breadfruit,Esta seria la descripcion del producto,34173,81920
363604,Wine - Saint Emilion Calvet,Esta seria la descripcion del producto,41722,95378
473068,Raisin - Dark,Esta seria la descripcion del producto,34668,47124
368210,Sobe - Cranberry Grapefruit,Esta seria la descripcion del producto,28628,76387
779196,Bandage - Finger Cots,Esta seria la descripcion del producto,25187,20269
535015,Buttons,Esta seria la descripcion del producto,30628,25867
497275,Tomatoes - Orange,Esta seria la descripcion del producto,45118,73301
900776,Pears - Anjou,Esta seria la descripcion del producto,31758,15468
953370,Lid Coffeecup 12oz D9542b,Esta seria la descripcion del producto,31962,28133
772810,Pasta - Gnocchi,Esta seria la descripcion del producto,41652,99776
837303,Extract - Raspberry,Esta seria la descripcion del producto,40149,53550
514070,Pork - Sausage,Esta seria la descripcion del producto,34098,70257
246586,Pork - Butt,Esta seria la descripcion del producto,39556,28381
353106,Energy Drink - Redbull 355ml,Esta seria la descripcion del producto,48561,45535
219998,Salt - Seasoned,Esta seria la descripcion del producto,31354,51772
120290,Chickhen - Chicken Phyllo,Esta seria la descripcion del producto,34119,76533
214308,Tendrils - Baby Pea,Esta seria la descripcion del producto,22915,80343
716386,Sage Ground Wiberg,Esta seria la descripcion del producto,37146,76241
676874,Bread - Raisin Walnut Oval,Esta seria la descripcion del producto,42095,74105
737570,Lettuce - Lolla Rosa,Esta seria la descripcion del producto,27478,77862
970213,Mcguinness - Blue Curacao,Esta seria la descripcion del producto,25250,72254
100306,Island Oasis - Cappucino Mix,Esta seria la descripcion del producto,26574,31975
251596,Oil - Margarine,Esta seria la descripcion del producto,32527,85186
781113,Cookies Oatmeal Raisin,Esta seria la descripcion del producto,29542,19737
243750,Pastry - French Mini Assorted,Esta seria la descripcion del producto,33134,80159
162529,Table Cloth 54x54 White,Esta seria la descripcion del producto,49002,92842
142431,Veal - Eye Of Round,Esta seria la descripcion del producto,48473,37327
177681,Butter Balls Salted,Esta seria la descripcion del producto,26030,58739
637442,Wine - Dubouef Macon - Villages,Esta seria la descripcion del producto,20228,86653
620575,Salsify,Esta seria la descripcion del producto,41415,69581
491305,Veal - Inside,Esta seria la descripcion del producto,36240,63298
425700,Brandy Cherry - Mcguinness,Esta seria la descripcion del producto,37130,93496
975803,Alize Gold Passion,Esta seria la descripcion del producto,46117,95714
424181,Mushroom - Lg - Cello,Esta seria la descripcion del producto,32945,81777
789725,Tarts Assorted,Esta seria la descripcion del producto,32422,51965
965742,Wine - Cabernet Sauvignon,Esta seria la descripcion del producto,26547,55446
876977,Lettuce - Lolla Rosa,Esta seria la descripcion del producto,22568,42939
149786,Pumpkin,Esta seria la descripcion del producto,31878,33753
117103,Lobster - Baby,Esta seria la descripcion del producto,31682,79546
686155,Mini - Vol Au Vents,Esta seria la descripcion del producto,45542,41914
418574,Tortillas - Flour,Esta seria la descripcion del producto,23782,28279
548233,Gloves - Goldtouch Disposable,Esta seria la descripcion del producto,38433,64993
399234,Coffee - Decafenated,Esta seria la descripcion del producto,32451,14280
913267,Beef - Ox Tongue,Esta seria la descripcion del producto,43613,86678
893556,Island Oasis - Pina Colada,Esta seria la descripcion del producto,22921,59412
255855,Nut - Pine Nuts,Esta seria la descripcion del producto,34788,24654
165421,Noodles - Steamed Chow Mein,Esta seria la descripcion del producto,40610,99560
104881,Mushroom - Porcini,Esta seria la descripcion del producto,25995,34394
265555,Ecolab - Mikroklene 4/4 L,Esta seria la descripcion del producto,46676,84306
748253,Vector Energy Bar,Esta seria la descripcion del producto,28102,24658
583400,Flower - Dish Garden,Esta seria la descripcion del producto,23820,12689
224638,Longos - Chicken Caeser Salad,Esta seria la descripcion del producto,38487,40651
621856,Fiddlehead - Frozen,Esta seria la descripcion del producto,29919,77598
669978,Paper Towel Touchless,Esta seria la descripcion del producto,27035,21473
766939,Lemonade - Strawberry,Esta seria la descripcion del producto,40951,13361
970156,Pate - Liver,Esta seria la descripcion del producto,28405,58591
237888,Crab - Meat,Esta seria la descripcion del producto,22065,65349
230470,Sambuca - Opal Nera,Esta seria la descripcion del producto,32941,99718
497607,Oil - Olive Bertolli,Esta seria la descripcion del producto,41825,43014
842439,Jolt Cola - Electric Blue,Esta seria la descripcion del producto,45466,79025
157711,Wine - Fat Bastard Merlot,Esta seria la descripcion del producto,23835,96616
241963,Chickhen - Chicken Phyllo,Esta seria la descripcion del producto,40655,22619
986747,Asparagus - White,Esta seria la descripcion del producto,21089,89844
479266,Fish - Soup Base,Esta seria la descripcion del producto,36973,60662
531321,Food Colouring - Green,Esta seria la descripcion del producto,20089,76969
387264,Tomatoes - Orange,Esta seria la descripcion del producto,40292,59464
489727,Cheese Cloth,Esta seria la descripcion del producto,33746,55413
510423,Munchies Honey Sweet Trail Mix,Esta seria la descripcion del producto,21395,23521
652400,Sugar - Crumb,Esta seria la descripcion del producto,37424,39098
694246,Wine - White,Esta seria la descripcion del producto,49358,31186
113109,Ice Cream - Strawberry,Esta seria la descripcion del producto,40900,36153
757154,Dr. Pepper - 355ml,Esta seria la descripcion del producto,27215,23586
608862,Beets,Esta seria la descripcion del producto,32618,76116
679868,Cake - Mini Potato Pancake,Esta seria la descripcion del producto,46692,15982
893828,Muffin Batt - Blueberry Passion,Esta seria la descripcion del producto,25370,87534
452942,Beans - Fava,Esta seria la descripcion del producto,24103,92477
630462,Rum - Spiced,Esta seria la descripcion del producto,40194,93123
287927,Halibut - Fletches,Esta seria la descripcion del producto,24522,23711
655934,Table Cloth 81x81 Colour,Esta seria la descripcion del producto,43344,80324
146580,Cheese - Parmesan Grated,Esta seria la descripcion del producto,33696,65766
121616,Fish - Artic Char,Esta seria la descripcion del producto,48245,62849
137321,Juice - Propel Sport,Esta seria la descripcion del producto,49500,46219
162424,Sage - Rubbed,Esta seria la descripcion del producto,42568,16617
170961,Dasheen,Esta seria la descripcion del producto,37126,92834
169816,Pork - Tenderloin,Esta seria la descripcion del producto,35359,37726
612819,Apple - Custard,Esta seria la descripcion del producto,43844,52437
294306,Chutney Sauce,Esta seria la descripcion del producto,20403,86599
639888,Carbonated Water - Blackberry,Esta seria la descripcion del producto,40573,99933
926877,Scallops - 10/20,Esta seria la descripcion del producto,22416,11197
727781,Lettuce - Escarole,Esta seria la descripcion del producto,31234,68350
120801,Oil - Pumpkinseed,Esta seria la descripcion del producto,28271,88078
549581,Apple - Custard,Esta seria la descripcion del producto,34516,70384
262958,Wine - White,Esta seria la descripcion del producto,34834,55025
859101,Plate Pie Foil,Esta seria la descripcion del producto,41126,57859
218971,Coconut Milk - Unsweetened,Esta seria la descripcion del producto,34913,42913
477548,Muffin Mix - Raisin Bran,Esta seria la descripcion del producto,39079,95452
506012,Sausage - Breakfast,Esta seria la descripcion del producto,25303,82361
594029,Pepper - Roasted Red,Esta seria la descripcion del producto,29328,26074
836136,Basil - Fresh,Esta seria la descripcion del producto,33717,89969
510966,Grand Marnier,Esta seria la descripcion del producto,44448,78749
635626,Veal - Provimi Inside,Esta seria la descripcion del producto,38680,35736
200135,Mix - Cappucino Cocktail,Esta seria la descripcion del producto,20184,13457
643280,Contreau,Esta seria la descripcion del producto,24575,33263
772668,Appetizer - Assorted Box,Esta seria la descripcion del producto,36953,73165
319185,Coffee Cup 12oz 5342cd,Esta seria la descripcion del producto,33560,72515
786194,Chicken - Base,Esta seria la descripcion del producto,21007,71506
955250,Sprouts - China Rose,Esta seria la descripcion del producto,47907,80570
520719,Appetiser - Bought,Esta seria la descripcion del producto,48645,50110
500527,Myers Planters Punch,Esta seria la descripcion del producto,25356,48899
545834,Prunes - Pitted,Esta seria la descripcion del producto,35024,85711
801724,Corn Meal,Esta seria la descripcion del producto,47078,38522
277332,Appetizer - Mini Egg Roll,Esta seria la descripcion del producto,35666,94201
151543,Cream - 18%,Esta seria la descripcion del producto,24938,59999
633339,Muffin - Bran Ind Wrpd,Esta seria la descripcion del producto,30872,31315
258749,Turkey - Breast,Esta seria la descripcion del producto,22314,67279
430828,Magnotta - Bel Paese White,Esta seria la descripcion del producto,22480,38468
405942,Energy Drink Red Bull,Esta seria la descripcion del producto,24727,47869
785275,Chives - Fresh,Esta seria la descripcion del producto,42834,61714
443778,Blueberries - Frozen,Esta seria la descripcion del producto,29060,56314
131379,Artichoke - Hearts,Esta seria la descripcion del producto,32340,40537
423880,Wine - Domaine Boyar Royal,Esta seria la descripcion del producto,29198,50083
454175,Muffin Batt - Blueberry Passion,Esta seria la descripcion del producto,21142,60237
461406,Vinegar - Sherry,Esta seria la descripcion del producto,32092,49818
953591,Muffin Batt - Choc Chk,Esta seria la descripcion del producto,32696,18385
670608,Cheese Cloth,Esta seria la descripcion del producto,40111,26011
902962,Coffee Decaf Colombian,Esta seria la descripcion del producto,28761,40674
254341,Rabbit - Whole,Esta seria la descripcion del producto,47688,75888
977199,Steampan Lid,Esta seria la descripcion del producto,20752,54470
236746,Wine - Black Tower Qr,Esta seria la descripcion del producto,49411,96548
896111,Syrup - Monin - Passion Fruit,Esta seria la descripcion del producto,48456,49812
527202,Sauce Tomato Pouch,Esta seria la descripcion del producto,36022,21132
426967,Butter Balls Salted,Esta seria la descripcion del producto,48603,72812
956523,Beef - Striploin,Esta seria la descripcion del producto,39671,28035
890347,Bread - Olive Dinner Roll,Esta seria la descripcion del producto,23785,71801
532426,Garbage Bags - Clear,Esta seria la descripcion del producto,41800,19392
272105,Shiratamako - Rice Flour,Esta seria la descripcion del producto,22523,12812
447406,Dikon,Esta seria la descripcion del producto,47231,26297
960812,Clementine,Esta seria la descripcion del producto,45724,91485
234717,Coconut - Whole,Esta seria la descripcion del producto,44742,87965
499726,Soup Campbells Turkey Veg.,Esta seria la descripcion del producto,41548,89553
192080,Mousse - Mango,Esta seria la descripcion del producto,37144,37733
308900,Rice - Jasmine Sented,Esta seria la descripcion del producto,33416,51573
250834,Rice - Jasmine Sented,Esta seria la descripcion del producto,22347,14736
977016,Bread - 10 Grain,Esta seria la descripcion del producto,47315,68659
752798,Beans - Kidney,Esta seria la descripcion del producto,23920,90425
569279,Beef - Ox Tongue,Esta seria la descripcion del producto,34391,80457
909064,Pepper Squash,Esta seria la descripcion del producto,35298,45229
821358,Tea - English Breakfast,Esta seria la descripcion del producto,24303,58121
448923,Rosemary - Fresh,Esta seria la descripcion del producto,39977,42348
117754,Water - San Pellegrino,Esta seria la descripcion del producto,25093,45345
729723,Flavouring - Orange,Esta seria la descripcion del producto,29719,16004
185120,Apples - Spartan,Esta seria la descripcion del producto,45685,64966
119764,Mortadella,Esta seria la descripcion del producto,47934,47807
533576,Wine - Red,Esta seria la descripcion del producto,42066,91464
644619,Cherries - Bing,Esta seria la descripcion del producto,39862,32469
296926,Beans - Yellow,Esta seria la descripcion del producto,46306,75778
102836,Beer - Guiness,Esta seria la descripcion del producto,39014,74620
314136,Melon - Cantaloupe,Esta seria la descripcion del producto,33911,85822
591309,Tofu - Soft,Esta seria la descripcion del producto,32180,79227
429617,Cheese - Cheddar,Esta seria la descripcion del producto,42439,67010
876030,Galliano,Esta seria la descripcion del producto,25627,23560
827728,Chicken - Tenderloin,Esta seria la descripcion del producto,30390,64874
710008,Potatoes - Fingerling 4 Oz,Esta seria la descripcion del producto,20691,40375
627155,Pepper - Chili Powder,Esta seria la descripcion del producto,34592,23985
615190,Oil - Pumpkinseed,Esta seria la descripcion del producto,47617,51676
307466,Cleaner - Bleach,Esta seria la descripcion del producto,45659,74776
382226,Bananas,Esta seria la descripcion del producto,23137,41879
559114,Skirt - 24 Foot,Esta seria la descripcion del producto,47915,69038
563301,Muskox - French Rack,Esta seria la descripcion del producto,31782,26275
618187,Wine - Rosso Toscano Igt,Esta seria la descripcion del producto,48225,25677
475320,Bar Special K,Esta seria la descripcion del producto,42801,77520
430551,Pumpkin,Esta seria la descripcion del producto,41407,66433
776992,Lamb - Ground,Esta seria la descripcion del producto,25035,97561
367862,Wine - Vineland Estate Semi - Dry,Esta seria la descripcion del producto,21537,78971
334257,Mushroom - Chanterelle,Esta seria la descripcion del producto,43681,86900
501666,Dried Figs,Esta seria la descripcion del producto,25038,90352
916651,Juice - Tomato,Esta seria la descripcion del producto,29362,76048
556835,Beans - Yellow,Esta seria la descripcion del producto,35535,22593
727992,Tea - Darjeeling,Esta seria la descripcion del producto,43620,52690
381453,Pepper - Gypsy Pepper,Esta seria la descripcion del producto,22449,64728
321025,Vodka - Hot,Esta seria la descripcion del producto,44563,34010
849988,Beans - Kidney,Esta seria la descripcion del producto,48708,76398
944994,Spring Roll Veg Mini,Esta seria la descripcion del producto,40144,78237
695035,Puree - Kiwi,Esta seria la descripcion del producto,45041,44400
884482,Shrimp - Baby,Esta seria la descripcion del producto,20317,56211
855328,Flower - Carnations,Esta seria la descripcion del producto,24540,61140
668902,Fib N9 - Prague Powder,Esta seria la descripcion del producto,47624,57239
739799,Shrimp - Black Tiger 13/15,Esta seria la descripcion del producto,46441,25344
358113,Arctic Char - Fillets,Esta seria la descripcion del producto,33965,74654
710064,Nantucket - Pomegranate Pear,Esta seria la descripcion del producto,20838,22251
660814,Salmon Steak - Cohoe 8 Oz,Esta seria la descripcion del producto,44732,14612
302615,Wine - Coteaux Du Tricastin Ac,Esta seria la descripcion del producto,49478,49816
197507,Squid - U - 10 Thailand,Esta seria la descripcion del producto,20898,38354
920491,Lemonade - Black Cherry,Esta seria la descripcion del producto,34320,31771
234671,Goat - Whole Cut,Esta seria la descripcion del producto,35313,41909
789260,Wine - Barossa Valley Estate,Esta seria la descripcion del producto,45883,33262
129283,Juice - Apple,Esta seria la descripcion del producto,39257,90485
922176,Wine La Vielle Ferme Cote Du,Esta seria la descripcion del producto,44458,63217
643707,Lid - 3oz Med Rec,Esta seria la descripcion del producto,47012,38941
402083,Eggplant - Regular,Esta seria la descripcion del producto,21918,24219
396123,Eggplant - Asian,Esta seria la descripcion del producto,48642,15928
555640,Oil - Olive Bertolli,Esta seria la descripcion del producto,20578,40429
741568,Buffalo - Tenderloin,Esta seria la descripcion del producto,38658,74472
561545,Juice - V8 Splash,Esta seria la descripcion del producto,45017,73703
335558,Goulash Seasoning,Esta seria la descripcion del producto,38237,21046
998280,Pepper Squash,Esta seria la descripcion del producto,21657,90281
665732,Table Cloth 53x53 White,Esta seria la descripcion del producto,36806,42910
793680,Bread - Wheat Baguette,Esta seria la descripcion del producto,31111,95732
442507,Bread - Italian Sesame Poly,Esta seria la descripcion del producto,24715,10963
656237,Sugar - Splenda Sweetener,Esta seria la descripcion del producto,41361,92921
279993,Juice - Ocean Spray Kiwi,Esta seria la descripcion del producto,42689,19757
383035,Vinegar - White,Esta seria la descripcion del producto,38730,74547
450538,Wine - Trimbach Pinot Blanc,Esta seria la descripcion del producto,38739,37988
984336,Mushroom - Portebello,Esta seria la descripcion del producto,22680,67202
510876,Cheese Cloth No 60,Esta seria la descripcion del producto,28132,97455
175700,Bread - Sour Sticks With Onion,Esta seria la descripcion del producto,42093,91313
498514,Pecan Raisin - Tarts,Esta seria la descripcion del producto,41288,57533
362534,Bread - Triangle White,Esta seria la descripcion del producto,21831,76941
738830,Coffee Beans - Chocolate,Esta seria la descripcion del producto,26304,92805
824762,Cocoa Powder - Dutched,Esta seria la descripcion del producto,27402,97791
218600,Cucumber - Pickling Ontario,Esta seria la descripcion del producto,47817,65861
845924,Shrimp - Tiger 21/25,Esta seria la descripcion del producto,47735,69909
429183,Salt And Pepper Mix - Black,Esta seria la descripcion del producto,33202,51477
273502,Water - Spring 1.5lit,Esta seria la descripcion del producto,27770,23115
218344,Syrup - Chocolate,Esta seria la descripcion del producto,22459,54187
564348,Bread - Dark Rye,Esta seria la descripcion del producto,40835,82472
428984,Cornstarch,Esta seria la descripcion del producto,44586,27037
807703,Chickensplit Half,Esta seria la descripcion del producto,27025,42911
858865,Rice - Basmati,Esta seria la descripcion del producto,35646,17338
172409,Pepper - Chilli Seeds Mild,Esta seria la descripcion del producto,20333,78882
493022,Slt - Individual Portions,Esta seria la descripcion del producto,21629,48734
926359,Island Oasis - Strawberry,Esta seria la descripcion del producto,36098,38519
561054,Wine - Mas Chicet Rose,Esta seria la descripcion del producto,25279,37386
824186,Coriander - Seed,Esta seria la descripcion del producto,45346,11891
748413,Pie Box - Cello Window 2.5,Esta seria la descripcion del producto,24836,82285
689630,Barramundi,Esta seria la descripcion del producto,26019,22146
169017,Mushroom - Shitake,Esta seria la descripcion del producto,24668,45359
505204,Chips - Miss Vickies,Esta seria la descripcion del producto,32964,78353
222919,Tortillas - Flour,Esta seria la descripcion del producto,45644,84592
809237,Quail - Jumbo Boneless,Esta seria la descripcion del producto,48743,54423
403755,Wine - Fino Tio Pepe Gonzalez,Esta seria la descripcion del producto,40491,46471
985989,Milk - 2%,Esta seria la descripcion del producto,48867,17306
679194,Clementine,Esta seria la descripcion del producto,46017,70562
945870,Peppercorns - Pink,Esta seria la descripcion del producto,28824,89025
863491,Gloves - Goldtouch Disposable,Esta seria la descripcion del producto,33622,20921
405507,Sauce - Demi Glace,Esta seria la descripcion del producto,42270,52941
175931,Sour Cream,Esta seria la descripcion del producto,43167,72975
522485,Beer - Sleemans Honey Brown,Esta seria la descripcion del producto,20715,98419
227287,Rabbit - Legs,Esta seria la descripcion del producto,48641,15840
754330,Veal - Leg,Esta seria la descripcion del producto,32880,30242
296574,Tea - Green,Esta seria la descripcion del producto,42525,36696
536748,Soupfoamcont12oz 112con,Esta seria la descripcion del producto,33978,41802
913189,Milk - Buttermilk,Esta seria la descripcion del producto,27670,50450
466404,Sauce - Caesar Dressing,Esta seria la descripcion del producto,39604,33688
266249,Longos - Lasagna Veg,Esta seria la descripcion del producto,22559,69642
671815,Butter - Unsalted,Esta seria la descripcion del producto,32284,69748
372076,Chocolate - Milk Coating,Esta seria la descripcion del producto,32174,67178
945497,Bulgar,Esta seria la descripcion del producto,48412,79681
472684,Garlic - Peeled,Esta seria la descripcion del producto,38885,79494
897181,Wine - White,Esta seria la descripcion del producto,29288,62779
427763,Lamb Leg - Bone - In Nz,Esta seria la descripcion del producto,38839,39131
474184,Wine - White,Esta seria la descripcion del producto,33033,96383
950698,Beef Cheek Fresh,Esta seria la descripcion del producto,49782,59422
563131,Potatoes - Instant,Esta seria la descripcion del producto,28300,96699
653487,Veal - Insides,Esta seria la descripcion del producto,41259,98248
417478,Chocolate - Unsweetened,Esta seria la descripcion del producto,25256,76479
882409,Cake - French Pear Tart,Esta seria la descripcion del producto,33735,79466
496211,Chicken Giblets,Esta seria la descripcion del producto,35696,19876
316284,Wine - Vouvray Cuvee Domaine,Esta seria la descripcion del producto,28687,47999
802171,Pepper - Red Chili,Esta seria la descripcion del producto,41357,58580
226112,Honey - Lavender,Esta seria la descripcion del producto,34013,80202
678540,Pork - Bacon,Esta seria la descripcion del producto,27046,45292
646561,Pomegranates,Esta seria la descripcion del producto,49085,70538
902429,Pepper - Black,Esta seria la descripcion del producto,29471,13527
345244,Veal - Heart,Esta seria la descripcion del producto,27021,88970
304315,Garlic,Esta seria la descripcion del producto,21980,44798
587086,Beer - True North Strong Ale,Esta seria la descripcion del producto,21740,72936
255676,Veal - Brisket,Esta seria la descripcion del producto,23054,84281
218060,Muffin - Zero Transfat,Esta seria la descripcion del producto,48006,44269
532346,Snapple - Mango Maddness,Esta seria la descripcion del producto,46750,38110
569799,Filling - Mince Meat,Esta seria la descripcion del producto,25912,99659
681617,Wine - Gato Negro Cabernet,Esta seria la descripcion del producto,42220,84792
281543,Pastry - Banana Muffin - Mini,Esta seria la descripcion del producto,21130,65586
643793,Cake - Cheese Cake 9 Inch,Esta seria la descripcion del producto,32194,49642
931698,Longos - Grilled Chicken With,Esta seria la descripcion del producto,31065,27957
933835,Beef - Salted,Esta seria la descripcion del producto,35188,80817
968650,Beef - Bresaola,Esta seria la descripcion del producto,28974,39729
484067,Salt - Celery,Esta seria la descripcion del producto,41082,89457
730997,Radish - Black,Esta seria la descripcion del producto,24306,62816
781903,Beef - Ground Lean Fresh,Esta seria la descripcion del producto,47567,70219
192046,Star Fruit,Esta seria la descripcion del producto,39440,88408
861771,Pasta - Lasagne,Esta seria la descripcion del producto,34934,58533
884011,Cocktail Napkin Blue,Esta seria la descripcion del producto,34108,49083
561587,Chickensplit Half,Esta seria la descripcion del producto,34693,70573
809358,Nut - Walnut,Esta seria la descripcion del producto,46829,45831
325180,Radish - Pickled,Esta seria la descripcion del producto,31433,30951
992486,Walkers Special Old Whiskey,Esta seria la descripcion del producto,31212,25631
733921,Truffle - Whole Black Peeled,Esta seria la descripcion del producto,43816,86818
754272,Wine - White,Esta seria la descripcion del producto,30282,80997
665858,Yogurt - Banana,Esta seria la descripcion del producto,44699,67444
280673,Taro Root,Esta seria la descripcion del producto,26754,24178
497555,Lettuce - Baby Salad Greens,Esta seria la descripcion del producto,43767,14516
915003,Quail - Whole,Esta seria la descripcion del producto,46894,31994
452282,Flour Pastry Super Fine,Esta seria la descripcion del producto,44744,85845
995109,Squash - Butternut,Esta seria la descripcion del producto,25023,61367
436312,Cheese - Gouda,Esta seria la descripcion del producto,40538,13962
162334,Foam Espresso Cup Plain White,Esta seria la descripcion del producto,26445,86995
410295,Olives - Black,Esta seria la descripcion del producto,35172,18481
870160,Beets,Esta seria la descripcion del producto,49700,98276
392901,Port - 74 Brights,Esta seria la descripcion del producto,32098,69607
509643,Wine - Conde De Valdemar,Esta seria la descripcion del producto,28976,11655
151854,Cheese - Swiss Sliced,Esta seria la descripcion del producto,33344,88857
687396,Longan,Esta seria la descripcion del producto,43598,90949
661119,Beef - Inside Round,Esta seria la descripcion del producto,31281,86982
619264,Trueblue - Blueberry,Esta seria la descripcion del producto,25723,71844
224715,Cleaner - Bleach,Esta seria la descripcion del producto,47253,67467
593795,Rum - Spiced,Esta seria la descripcion del producto,48548,32208
143806,Green Tea Refresher,Esta seria la descripcion del producto,25356,14456
245473,Sugar - White Packet,Esta seria la descripcion del producto,32332,57178
924470,Dragon Fruit,Esta seria la descripcion del producto,21730,84646
378417,Wine - Chenin Blanc K.w.v.,Esta seria la descripcion del producto,47749,78219
792205,Turkey Leg With Drum And Thigh,Esta seria la descripcion del producto,39469,29306
749763,Bread - Sour Sticks With Onion,Esta seria la descripcion del producto,41933,63837
284065,Beef - Tenderloin,Esta seria la descripcion del producto,46283,55174
441781,Juice - Tomato,Esta seria la descripcion del producto,23224,96024
653347,Quail - Whole,Esta seria la descripcion del producto,31108,89272
